search_term,clicks,spend,sales,orders,impressions,cvr,acos,cpc
#1 shampoo for double doodles dogs,1,2.46,0.0,0,4,0.0,0.0,2.46
5-in-1 dog shampoo,1,2.66,0.0,0,1,0.0,0.0,2.66
a gooddog shampoo for bernese mountain dog,1,2.14,0.0,0,5,0.0,0.0,2.14
adenitis sebacea dogs shampoo,1,1.69,0.0,0,3,0.0,0.0,1.69
alice and eli dog shampoo,1,2.32,0.0,0,4,0.0,0.0,2.32
allergic reaction dog shampoo,1,2.32,24.99,1,1,1.0,0.09283713485394157,2.32
allergy dog shampoo for dry skin,1,2.32,0.0,0,2,0.0,0.0,2.32
allergy relief dog shampoo,3,7.03,24.99,1,12,0.3333333333333333,0.28131252501000403,2.3433333333333333
allergy relief for dogs itching shampoo,1,1.84,0.0,0,8,0.0,0.0,1.84
allergy relief shampoo for dogs,1,2.45,0.0,0,1,0.0,0.0,2.45
allergy relief shampoos for dogs,1,1.87,0.0,0,3,0.0,0.0,1.87
allergy resistant dog shampoo,1,2.39,24.99,1,1,1.0,0.09563825530212086,2.39
allergy shampoo dog,1,2.32,24.99,1,1,1.0,0.09283713485394157,2.32
allergy shampoo for dogs,8,14.64,99.96,4,1097,0.5,0.14645858343337337,1.83
allergy shampoo for dogs itching,3,7.22,24.99,1,24,0.3333333333333333,0.2889155662264906,2.4066666666666667
allergy treatment shampoo dog,1,2.32,24.99,1,3,1.0,0.09283713485394157,2.32
allertech anti-allergen dog shampoo,1,1.56,0.0,0,21,0.0,0.0,1.56
amitraz dog shampoo,1,2.66,0.0,0,3,0.0,0.0,2.66
animal allergy shampoo chlor,1,2.66,0.0,0,2,0.0,0.0,2.66
animal dander shampoo,1,2.66,0.0,0,5,0.0,0.0,2.66
animal shampoo,1,2.26,0.0,0,3,0.0,0.0,2.26
anti allergen dog dander remover shampoo,1,2.22,0.0,0,6,0.0,0.0,2.22
anti allergen dog shampoo,6,11.71,24.99,1,106,0.16666666666666666,0.46858743497398964,1.9516666666666669
anti allergic shampoo for dogs,1,2.32,0.0,0,4,0.0,0.0,2.32
anti allergy dog shampoo,3,5.88,24.99,1,23,0.3333333333333333,0.23529411764705882,1.96
anti fungal allergies dog shampoo,1,2.21,0.0,0,1,0.0,0.0,2.21
anti fungal animal shampoo,1,2.39,0.0,0,5,0.0,0.0,2.39
anti fungal anti parasite dogs wash,1,1.86,0.0,0,2,0.0,0.0,1.86
anti fungal dog shampoo,14,29.99,49.98,2,301,0.14285714285714285,0.6000400160064026,2.142142857142857
anti fungal dog shampoo for yeast,3,7.44,0.0,0,96,0.0,0.0,2.48
anti fungal dog shampoos,1,2.66,0.0,0,4,0.0,0.0,2.66
anti fungal shampoo dogs with yeast infection,1,1.17,0.0,0,1,0.0,0.0,1.17
anti histamine shampoo dogs,1,1.67,0.0,0,1,0.0,0.0,1.67
anti it h dog shampoo,1,2.21,0.0,0,5,0.0,0.0,2.21
anti itch allergy shampoo for dogs,1,2.32,0.0,0,4,0.0,0.0,2.32
anti itch anti bacterial shampoo for digs,1,2.02,24.99,1,2,1.0,0.08083233293317328,2.02
anti itch cream for dogs shampoo,1,2.45,0.0,0,1,0.0,0.0,2.45
anti itch dog shampoo,17,37.45,124.95,5,929,0.29411764705882354,0.29971988795518206,2.2029411764705884
anti itch dog shampoo deshed,1,2.66,24.99,1,3,1.0,0.10644257703081234,2.66
anti itch dog shampoo for yeast,1,2.66,0.0,0,2,0.0,0.0,2.66
anti itch for dogs shampoo,1,2.39,24.99,1,1,1.0,0.09563825530212086,2.39
anti itch shampoo and cream for dogs,1,2.14,24.99,1,1,1.0,0.0856342537014806,2.14
anti itch shampoo for dogs,1,2.45,24.99,1,6,1.0,0.09803921568627452,2.45
anti itch shampoo for dogs medicated,1,2.22,0.0,0,2,0.0,0.0,2.22
anti itch shampoo for husky,1,2.0,0.0,0,3,0.0,0.0,2.0
anti itching shampoo for dogs,4,9.53,0.0,0,30,0.0,0.0,2.3825
anti microbial dog shampoo,1,1.92,24.99,1,3,1.0,0.07683073229291718,1.92
anti odor dog shampoo,1,2.32,0.0,0,2,0.0,0.0,2.32
anti yeast and fungal bacterial dog shampoo,2,4.68,0.0,0,26,0.0,0.0,2.34
anti yeast dog shampoo,5,11.56,24.99,1,83,0.2,0.4625850340136055,2.3120000000000003
anti yeast poodle shampoo,1,2.39,0.0,0,4,0.0,0.0,2.39
anti yeast shampoo for dogs,1,2.66,24.99,1,6,1.0,0.10644257703081234,2.66
anti-allergenic and odor shampoo for dogs,1,1.76,0.0,0,2,0.0,0.0,1.76
anti-allergy shampoo for furry dogs,1,2.02,0.0,0,2,0.0,0.0,2.02
antibacterial dog shampoo,12,28.05,24.99,1,462,0.08333333333333333,1.1224489795918369,2.3375
antibacterial dog shampoo and wipes,1,2.66,0.0,0,2,0.0,0.0,2.66
antibacterial dog wash,1,2.26,0.0,0,8,0.0,0.0,2.26
antibacterial medicated dog shampoo,1,2.06,0.0,0,7,0.0,0.0,2.06
antibacterial shampoo for dogs,3,5.93,0.0,0,104,0.0,0.0,1.9766666666666666
antibacterial shampoo for small dogs,1,2.22,0.0,0,2,0.0,0.0,2.22
antidandruff dog shampoo,1,2.39,24.99,1,1,1.0,0.09563825530212086,2.39
antidandruff shampoo for dogs,1,2.28,0.0,0,3,0.0,0.0,2.28
antifungal allergy dog shampoo,1,1.87,0.0,0,2,0.0,0.0,1.87
antifungal anti bacterial dog shampoo,1,2.66,0.0,0,3,0.0,0.0,2.66
antifungal antibacterial dog shampoo,3,7.06,0.0,0,15,0.0,0.0,2.353333333333333
antifungal antimicrobial dog shampoo,2,3.96,49.98,1,5,0.5,0.07923169267707084,1.98
antifungal antiseptic dog shampoo,1,2.02,0.0,0,2,0.0,0.0,2.02
antifungal antiyeast for dogs shampoo,1,1.17,0.0,0,3,0.0,0.0,1.17
antifungal body wash for dogs,1,1.79,0.0,0,2,0.0,0.0,1.79
antifungal dog shampoo for yeast,2,4.64,0.0,0,107,0.0,0.0,2.32
antifungal horse and dog shampoo,1,2.66,0.0,0,3,0.0,0.0,2.66
antifungal itch dog shampoo,1,2.32,0.0,0,2,0.0,0.0,2.32
antifungal medicated dog shampoo,1,2.32,0.0,0,6,0.0,0.0,2.32
antifungal mold yeast shampoofor dogs,1,2.22,0.0,0,1,0.0,0.0,2.22
antifungal puppy shampoo,1,2.29,0.0,0,6,0.0,0.0,2.29
antifungal shampoo for animals,2,5.05,0.0,0,4,0.0,0.0,2.525
antihistamine dog shampoo,1,2.46,0.0,0,11,0.0,0.0,2.46
antihistamine shampoos for dogs,1,2.01,0.0,0,6,0.0,0.0,2.01
antiitch dog shampoo,1,2.66,0.0,0,7,0.0,0.0,2.66
antimicrobial dog shampoo,2,4.77,0.0,0,15,0.0,0.0,2.385
antiparasitic & antiseborrheic medicated dog shampoo,2,4.19,0.0,0,7,0.0,0.0,2.095
antiparasitic shampoo for dogs,2,3.39,0.0,0,13,0.0,0.0,1.695
antiseborrheic shampoo for dogs,2,3.51,0.0,0,53,0.0,0.0,1.755
antiseptic &antifungal shampoo for dogs,1,1.76,0.0,0,1,0.0,0.0,1.76
antiseptic and antifungal shampoo for huskies,1,2.35,0.0,0,2,0.0,0.0,2.35
antiseptic antifungal medicated dog shampoo,1,2.66,0.0,0,2,0.0,0.0,2.66
antiseptic antifungal shampoo,1,2.26,0.0,0,1,0.0,0.0,2.26
antiseptic antifungal shampoo dog,1,1.69,0.0,0,11,0.0,0.0,1.69
antiseptic dog shampoo,4,7.89,0.0,0,50,0.0,0.0,1.9725
antiseptic dog shampoo for yeast,1,2.32,0.0,0,2,0.0,0.0,2.32
antiseptic medicated allergy shampoo dogs,1,2.22,24.99,1,1,1.0,0.0888355342136855,2.22
antiseptic shampoo for 10lb dogs,1,1.92,0.0,0,2,0.0,0.0,1.92
antiseptic shampoo for dogs,2,4.01,24.99,1,22,0.5,0.1604641856742697,2.005
antiyeast dog shampoo,1,2.32,0.0,0,6,0.0,0.0,2.32
antiyeast for dogs shampoo,1,2.39,24.99,1,3,1.0,0.09563825530212086,2.39
anyo fungal dog shampoo,1,2.26,0.0,0,2,0.0,0.0,2.26
apoxie shampoo for dog,1,2.45,0.0,0,3,0.0,0.0,2.45
arm and hammer tearless dog shampoo,1,2.66,0.0,0,1,0.0,0.0,2.66
arm n hammer dog shampoo,1,1.92,24.99,1,7,1.0,0.07683073229291718,1.92
aroma dog shampoo,1,1.48,24.99,1,8,1.0,0.05922368947579032,1.48
aromacare dog shampoo,1,1.84,0.0,0,11,0.0,0.0,1.84
artero shampoo for dogs,1,1.56,0.0,0,5,0.0,0.0,1.56
australian shepherd shampoo,1,2.32,0.0,0,8,0.0,0.0,2.32
avoderm dog shampoo,1,2.31,24.99,1,5,1.0,0.09243697478991597,2.31
baby dog shampoo,1,1.84,0.0,0,9,0.0,0.0,1.84
bacterial shampoo for dog,1,2.32,0.0,0,4,0.0,0.0,2.32
bad boy dog shampoo,1,2.66,0.0,0,3,0.0,0.0,2.66
bad odor dog shampoo,1,1.87,0.0,0,1,0.0,0.0,1.87
baking soda dog shampoo,4,9.39,49.98,2,27,0.5,0.18787515006002403,2.3475
banixx dog shampoo,1,2.02,24.99,1,2,1.0,0.08083233293317328,2.02
banixx shampoo for dogs,1,2.0,0.0,0,8,0.0,0.0,2.0
bark2basics dog shampoo,2,3.58,0.0,0,41,0.0,0.0,1.79
barn dog shampoo,1,1.6,0.0,0,3,0.0,0.0,1.6
bath solution for dogs,1,1.69,24.99,1,3,1.0,0.06762705082032813,1.69
baños ecológicos para perros,1,2.26,0.0,0,1,0.0,0.0,2.26
beagle shampoo,1,2.0,24.99,1,2,1.0,0.08003201280512205,2.0
beat dog shampoo,1,2.26,0.0,0,6,0.0,0.0,2.26
bedbugs shampoo for dogs,2,4.32,24.99,1,3,0.5,0.17286914765906364,2.16
bedhead dog shampoo,1,2.01,0.0,0,5,0.0,0.0,2.01
bellpaws shampoo for dogs,1,2.45,0.0,0,1,0.0,0.0,2.45
betadine shampoo for dogs,1,2.22,0.0,0,1,0.0,0.0,2.22
better smelling dog shampoo,1,2.26,0.0,0,1,0.0,0.0,2.26
bio groom dog shampoo,1,1.7,0.0,0,15,0.0,0.0,1.7
biosilk for dogs shampoo,1,1.84,0.0,0,6,0.0,0.0,1.84
biotex dog shampoo,1,2.32,0.0,0,2,0.0,0.0,2.32
biotin dog shampoo,1,2.26,0.0,0,2,0.0,0.0,2.26
black dog shampoo,2,2.91,0.0,0,26,0.0,0.0,1.455
blueberry dog shampoo,1,2.26,24.99,1,16,1.0,0.09043617446978791,2.26
blueberry facial dog shampoo,1,1.84,0.0,0,17,0.0,0.0,1.84
bluing shampoo for dogs,1,1.6,0.0,0,1,0.0,0.0,1.6
bodhi dog shampoo,1,1.84,24.99,1,9,1.0,0.0736294517807123,1.84
body wash for hot spots for dogs,1,2.31,0.0,0,4,0.0,0.0,2.31
boston terrier dog shampoo,1,2.66,0.0,0,1,0.0,0.0,2.66
boxer dog shampoo,1,2.32,0.0,0,5,0.0,0.0,2.32
bpo-3 shampoo for dogs,1,2.66,0.0,0,14,0.0,0.0,2.66
buddy wash dog shampoo,1,2.14,0.0,0,19,0.0,0.0,2.14
bulk dog shampoo,1,2.32,0.0,0,7,0.0,0.0,2.32
bulldog allergy shampoo,1,2.39,24.99,1,2,1.0,0.09563825530212086,2.39
bulldog medicated shampoo skin rash,1,2.32,0.0,0,2,0.0,0.0,2.32
bulldog shampoo,1,2.26,24.99,1,13,1.0,0.09043617446978791,2.26
burt bees dog shampoo,1,1.84,24.99,1,19,1.0,0.0736294517807123,1.84
burts bee dog shampoo,1,2.66,0.0,0,15,0.0,0.0,2.66
burts bees dog shampoo,3,6.85,24.99,1,113,0.3333333333333333,0.274109643857543,2.283333333333333
burts bees dog shampoo coconut,1,2.32,0.0,0,2,0.0,0.0,2.32
burts bees itch soothing dog shampoo,1,1.92,24.99,1,3,1.0,0.07683073229291718,1.92
calming dog shampoo,1,2.32,0.0,0,2,0.0,0.0,2.32
cane corso dog shampoo,1,2.26,0.0,0,4,0.0,0.0,2.26
cera dog shampoo,1,1.6,0.0,0,1,0.0,0.0,1.6
cera soothe shampoo for dogs,1,2.31,0.0,0,6,0.0,0.0,2.31
champu anti itch perros,1,2.0,0.0,0,5,0.0,0.0,2.0
champu antipulgas para perros,1,2.45,0.0,0,2,0.0,0.0,2.45
champu para la picazón de la piel de los perros,1,1.89,0.0,0,3,0.0,0.0,1.89
champu para perro para eliminate hongo,1,1.87,0.0,0,1,0.0,0.0,1.87
champu para perros hopialergico antiitch e hidratante,1,2.02,0.0,0,2,0.0,0.0,2.02
champú antifúngico para perro,1,2.34,0.0,0,4,0.0,0.0,2.34
chemical free dog shampoo,2,4.79,0.0,0,5,0.0,0.0,2.395
chi dog shampoo,5,11.1,49.98,2,406,0.4,0.22208883553421369,2.2199999999999998
chi shampoo for dogs,2,3.91,0.0,0,7,0.0,0.0,1.955
chinese crested dog shampoo,1,2.32,0.0,0,6,0.0,0.0,2.32
cinnamon dog shampoo,1,2.0,0.0,0,3,0.0,0.0,2.0
clarifying dog shampoo,1,1.76,0.0,0,3,0.0,0.0,1.76
clarifying dog wash,1,2.32,0.0,0,5,0.0,0.0,2.32
cleanest shampoo for dogs,1,1.76,24.99,1,2,1.0,0.07042817126850741,1.76
clearance dog shampoo,1,2.66,0.0,0,3,0.0,0.0,2.66
coal tar dog shampoo,2,4.66,0.0,0,12,0.0,0.0,2.33
coat defense for dogs shampoo,1,1.6,0.0,0,22,0.0,0.0,1.6
coat defense shampoo for dogs,2,3.2,0.0,0,86,0.0,0.0,1.6
cocoa butter dog shampoo,1,2.02,0.0,0,2,0.0,0.0,2.02
coconut dog shampoo,1,2.66,0.0,0,8,0.0,0.0,2.66
coconut oil based dog shampoo,1,2.14,0.0,0,1,0.0,0.0,2.14
coconut oil dog shampoo,1,2.66,0.0,0,11,0.0,0.0,2.66
coconut oil shampoo for dogs,1,1.87,24.99,1,2,1.0,0.07482993197278913,1.87
colloidal silver dog shampoo,1,1.69,24.99,1,2,1.0,0.06762705082032813,1.69
complete care dog shampoo,1,2.21,24.99,1,5,1.0,0.08843537414965986,2.21
corgi dog shampoo,1,1.64,0.0,0,4,0.0,0.0,1.64
cream or shampoo for yeast infection in dog,1,2.31,24.99,1,2,1.0,0.09243697478991597,2.31
crown royal dog shampoo,1,2.14,0.0,0,2,0.0,0.0,2.14
curaseb antifungal antibacterial dog shampoo,1,2.32,0.0,0,1,0.0,0.0,2.32
cytopint dog shampoo for yeast,1,2.45,0.0,0,2,0.0,0.0,2.45
cytopint for dogs shampoo,1,1.92,0.0,0,1,0.0,0.0,1.92
dander shampoo for dogs,1,2.27,0.0,0,45,0.0,0.0,2.27
dashed dog shampoo,1,2.26,24.99,1,2,1.0,0.09043617446978791,2.26
davines dog shampoo,1,2.26,0.0,0,5,0.0,0.0,2.26
davis dog shampoo,3,6.09,0.0,0,79,0.0,0.0,2.03
davis gentle dog shampoo,1,2.24,0.0,0,4,0.0,0.0,2.24
davis ketohexidine shampoo for dogs,1,2.32,0.0,0,5,0.0,0.0,2.32
dechra dog shampoo,1,2.32,0.0,0,25,0.0,0.0,2.32
deep clean dog shampoo,1,1.6,0.0,0,6,0.0,0.0,1.6
deep conditioning dog shampoo,1,2.14,0.0,0,6,0.0,0.0,2.14
deflee dog shampoo,1,2.66,24.99,1,2,1.0,0.10644257703081234,2.66
degreaser dog shampoo,1,2.26,0.0,0,11,0.0,0.0,2.26
degreasing dog shampoo,1,1.69,0.0,0,3,0.0,0.0,1.69
dematting dog shampoo,1,2.66,0.0,0,3,0.0,0.0,2.66
demodex shampoo for dogs,1,1.6,0.0,0,14,0.0,0.0,1.6
derma dyne dog shampoo,1,2.26,0.0,0,5,0.0,0.0,2.26
dermabenss dog shampoo,1,2.46,0.0,0,5,0.0,0.0,2.46
dermabenz dog shampoo,1,2.66,0.0,0,3,0.0,0.0,2.66
dermabliss dog shampoo,2,3.44,0.0,0,120,0.0,0.0,1.72
dermabliss dog shampoo for itching and allergies,1,2.45,0.0,0,3,0.0,0.0,2.45
dermabliss shampoo for dogs,1,1.29,0.0,0,18,0.0,0.0,1.29
dermagic shampoo for dogs,1,2.31,24.99,1,1,1.0,0.09243697478991597,2.31
dermaliss shampoo for dogs,1,2.31,0.0,0,2,0.0,0.0,2.31
dermaprotect dog shampoo,1,2.32,0.0,0,2,0.0,0.0,2.32
dermatophytosis dog shampoo,1,2.32,0.0,0,2,0.0,0.0,2.32
desert dog oil shampoo,1,2.21,0.0,0,1,0.0,0.0,2.21
deshed shampoo for dogs,1,1.69,0.0,0,3,0.0,0.0,1.69
detailed shampoo for dogs,1,1.69,0.0,0,1,0.0,0.0,1.69
detangling dog shampoo,1,1.76,0.0,0,1,0.0,0.0,1.76
dirty dog shampoo,1,1.84,0.0,0,29,0.0,0.0,1.84
disinfecting dog shampoo,1,2.21,0.0,0,3,0.0,0.0,2.21
doberman dog shampoo,1,2.32,0.0,0,5,0.0,0.0,2.32
dog 2-1 shampoo,1,2.14,0.0,0,1,0.0,0.0,2.14
dog allergen shampoo,1,2.46,0.0,0,5,0.0,0.0,2.46
dog allergy bath,2,4.7,24.99,1,3,0.5,0.18807523009203683,2.35
dog allergy relief shampoo,2,5.12,24.99,1,14,0.5,0.20488195278111246,2.56
dog allergy relief shampoo medicated,1,2.39,0.0,0,1,0.0,0.0,2.39
dog allergy remover shampoo,1,2.39,0.0,0,5,0.0,0.0,2.39
dog allergy shampoo,24,55.5,274.89,12,1670,0.5,0.2018989413947397,2.3125
dog allergy shampoo cortisone,1,1.92,0.0,0,1,0.0,0.0,1.92
dog allergy shampoo medicated,3,6.92,0.0,0,6,0.0,0.0,2.3066666666666666
dog allergy skin relief shampoo,1,1.87,24.99,1,1,1.0,0.07482993197278913,1.87
dog anti allergy shampoo,1,2.46,0.0,0,10,0.0,0.0,2.46
dog anti fungal shampoo,6,13.57,49.98,2,99,0.3333333333333333,0.27150860344137656,2.2616666666666667
dog anti itch shampoo,2,4.64,24.99,1,49,0.5,0.18567426970788314,2.32
dog anti-itch and anti-fungal shampoo,1,2.14,0.0,0,1,0.0,0.0,2.14
dog antibacterial and antifungal shampoo,2,4.14,24.99,1,92,0.5,0.16566626650660263,2.07
dog antibacterial shampoo,3,6.54,0.0,0,34,0.0,0.0,2.18
dog antifungal bath,1,2.66,24.99,1,3,1.0,0.10644257703081234,2.66
dog antifungal medicated shampoo,1,2.22,0.0,0,12,0.0,0.0,2.22
dog antifungal shampoo and anti itch,1,2.21,0.0,0,3,0.0,0.0,2.21
dog antifungal shampoo for yeast,1,2.14,0.0,0,2,0.0,0.0,2.14
dog antihistamine shampoo,1,1.86,0.0,0,1,0.0,0.0,1.86
dog antiseptic antifungal shampoo,1,1.92,0.0,0,7,0.0,0.0,1.92
dog bacteria shampoo,1,2.32,0.0,0,2,0.0,0.0,2.32
dog bath wash for bad skin,1,2.39,24.99,1,2,1.0,0.09563825530212086,2.39
dog bathing shampoo for pitbulls with skin allergies,1,2.46,0.0,0,2,0.0,0.0,2.46
dog bite shampoo,1,2.08,0.0,0,1,0.0,0.0,2.08
dog body stop itchy￼ body wash,1,1.92,24.99,1,3,1.0,0.07683073229291718,1.92
dog body wash,1,1.87,0.0,0,5,0.0,0.0,1.87
dog body wash boy smell shampoo,1,2.66,0.0,0,3,0.0,0.0,2.66
dog body wash for extreme itching,1,2.31,24.99,1,3,1.0,0.09243697478991597,2.31
dog butt shampoo,1,2.39,24.99,1,2,1.0,0.09563825530212086,2.39
dog calendula shampoo,1,2.02,0.0,0,3,0.0,0.0,2.02
dog calming shampoo,1,1.7,24.99,1,17,1.0,0.06802721088435375,1.7
dog chi shampoo,1,1.92,24.99,1,3,1.0,0.07683073229291718,1.92
dog cleaning shampoo,1,2.66,0.0,0,1,0.0,0.0,2.66
dog coal tar shampoo,1,2.19,0.0,0,3,0.0,0.0,2.19
dog coconut shampoo,1,2.14,0.0,0,3,0.0,0.0,2.14
dog corn chip smell shampoo,1,2.22,0.0,0,4,0.0,0.0,2.22
dog dander shampoo,3,5.68,0.0,0,36,0.0,0.0,1.8933333333333333
dog degreaser shampoo,2,5.05,0.0,0,19,0.0,0.0,2.525
dog deodorizing shampoo odor control set,1,2.66,24.99,1,2,1.0,0.10644257703081234,2.66
dog detangler shampoo german shepherd ￼,1,2.02,0.0,0,1,0.0,0.0,2.02
dog disinfectant shampoo,1,2.32,0.0,0,4,0.0,0.0,2.32
dog double coat shampoo,1,2.45,0.0,0,1,0.0,0.0,2.45
dog dry hair shampoo,1,1.84,0.0,0,16,0.0,0.0,1.84
dog dry skin shampoo,3,6.97,49.98,2,25,0.6666666666666666,0.13945578231292519,2.3233333333333333
dog dry skin treatment shampoo,1,2.66,24.99,1,3,1.0,0.10644257703081234,2.66
dog eczema shampoo,2,4.87,0.0,0,5,0.0,0.0,2.435
dog female anti yeast shampoo,1,2.18,0.0,0,1,0.0,0.0,2.18
dog flaky skin shampoo,1,2.0,0.0,0,3,0.0,0.0,2.0
dog foamer shampoo,1,2.66,0.0,0,5,0.0,0.0,2.66
dog foaming shampoo,1,2.26,0.0,0,1,0.0,0.0,2.26
dog fragrance free anti fungal shampoo,1,1.88,0.0,0,3,0.0,0.0,1.88
dog fragrance free fungal shampoo,1,2.31,0.0,0,3,0.0,0.0,2.31
dog frenchie shampoo,1,2.14,0.0,0,2,0.0,0.0,2.14
dog frito smell shampoo,1,1.76,0.0,0,2,0.0,0.0,1.76
dog fur shampoo,1,2.26,0.0,0,3,0.0,0.0,2.26
dog german shepherd shampoo with anti yeast,1,2.31,24.99,1,1,1.0,0.09243697478991597,2.31
dog goat milk shampoo,1,2.39,0.0,0,3,0.0,0.0,2.39
dog groomer shampoo,1,1.17,0.0,0,10,0.0,0.0,1.17
dog grooming shampoo pits,1,1.69,0.0,0,1,0.0,0.0,1.69
dog grooming shampoo professional,1,2.26,0.0,0,6,0.0,0.0,2.26
dog hair care shampoo,1,2.02,0.0,0,3,0.0,0.0,2.02
dog hair dye shampoo,1,2.26,0.0,0,1,0.0,0.0,2.26
dog hair loss treatment shampoo,1,2.23,0.0,0,2,0.0,0.0,2.23
dog hair wash,1,1.69,0.0,0,2,0.0,0.0,1.69
dog hot spot antiseptic shampoo,1,2.39,0.0,0,3,0.0,0.0,2.39
dog hot spot shampoo,1,2.32,24.99,1,8,1.0,0.09283713485394157,2.32
dog hydrating shampoo,1,2.26,24.99,1,6,1.0,0.09043617446978791,2.26
dog hydrocortisone shampoo,1,1.72,0.0,0,3,0.0,0.0,1.72
dog inflamed skin shampoo,1,2.22,24.99,1,1,1.0,0.0888355342136855,2.22
dog irritated skin relief shampoo,3,5.44,0.0,0,144,0.0,0.0,1.8133333333333335
dog it h relief shampoo,1,2.39,24.99,1,1,1.0,0.09563825530212086,2.39
dog itch relief shampoo,4,9.65,49.98,2,38,0.5,0.19307723089235695,2.4125
dog itch shampoo,5,12.35,24.99,1,112,0.2,0.49419767907162865,2.4699999999999998
dog itch shampoo medicated,1,2.32,24.99,1,3,1.0,0.09283713485394157,2.32
dog itching shampoo,1,2.45,24.99,1,1,1.0,0.09803921568627452,2.45
dog itchy shampoo,2,5.05,24.99,1,5,0.5,0.20208083233293317,2.525
dog itchy skin relief shampoo,1,2.26,0.0,0,3,0.0,0.0,2.26
dog itchy skin shampoo,1,2.66,0.0,0,8,0.0,0.0,2.66
dog iterating skin wash,1,2.31,0.0,0,3,0.0,0.0,2.31
dog lift shampoo,1,2.14,0.0,0,3,0.0,0.0,2.14
dog medical shampoo,2,4.18,0.0,0,3,0.0,0.0,2.09
dog medical shampoo 4%,1,2.14,0.0,0,2,0.0,0.0,2.14
dog medicated shampoo,12,27.82,24.99,1,714,0.08333333333333333,1.1132452981192478,2.3183333333333334
dog medicated shampoo 3%,1,2.46,0.0,0,2,0.0,0.0,2.46
dog medicated shampoo antifungal,3,7.38,24.99,1,29,0.3333333333333333,0.2953181272509004,2.46
dog medicated shampoo english bulldog,1,2.32,24.99,1,4,1.0,0.09283713485394157,2.32
dog medicated shampoo thin coat,1,2.31,0.0,0,8,0.0,0.0,2.31
dog moisture shampoo,1,1.48,0.0,0,2,0.0,0.0,1.48
dog moisturizing shampoo,1,2.66,24.99,1,8,1.0,0.10644257703081234,2.66
dog muchling fur shampoo to open pores,1,2.32,0.0,0,2,0.0,0.0,2.32
dog mx medicated dog shampoo,1,2.14,24.99,1,2,1.0,0.0856342537014806,2.14
dog odor shampoo,2,4.32,0.0,0,28,0.0,0.0,2.16
dog pitbull shampoo,1,2.26,0.0,0,2,0.0,0.0,2.26
dog products shampoo,2,4.08,0.0,0,3,0.0,0.0,2.04
dog rash treatment shampoo,1,2.12,0.0,0,1,0.0,0.0,2.12
dog redness shampoo,1,2.0,0.0,0,3,0.0,0.0,2.0
dog safe shampoo,1,2.26,24.99,1,1,1.0,0.09043617446978791,2.26
dog scented shampoo,2,4.98,49.98,2,5,1.0,0.09963985594237697,2.49
dog seasonal allergies shampoo,1,2.21,0.0,0,1,0.0,0.0,2.21
dog seasonal allergy shampoo,2,4.78,24.99,1,7,0.5,0.19127651060424172,2.39
dog seasonal allergy shampoo with acv,1,2.0,0.0,0,1,0.0,0.0,2.0
dog severe dry skin shampoo,1,1.48,0.0,0,120,0.0,0.0,1.48
dog severe itching shampoo,1,2.01,24.99,1,2,1.0,0.08043217286914765,2.01
dog shampoo,460,1012.75,3248.7,127,84628,0.27608695652173915,0.3117400806476437,2.201630434782609
dog shampoo 28 oz,1,2.39,0.0,0,3,0.0,0.0,2.39
dog shampoo 30th birthday for allergies,1,2.08,0.0,0,1,0.0,0.0,2.08
dog shampoo allergen,1,1.69,0.0,0,3,0.0,0.0,1.69
dog shampoo allergen reducer,1,2.32,0.0,0,1,0.0,0.0,2.32
dog shampoo allergy,1,2.46,0.0,0,9,0.0,0.0,2.46
dog shampoo allergy relief,1,2.39,0.0,0,5,0.0,0.0,2.39
dog shampoo and conditioning for odor,1,2.66,0.0,0,3,0.0,0.0,2.66
dog shampoo and conditioning spray,1,2.66,0.0,0,1,0.0,0.0,2.66
dog shampoo and ear drops,1,2.32,0.0,0,3,0.0,0.0,2.32
dog shampoo and hydrocortisone anti fungal,1,2.46,0.0,0,3,0.0,0.0,2.46
dog shampoo and kit,1,2.26,24.99,1,1,1.0,0.09043617446978791,2.26
dog shampoo anti fungal,2,4.88,24.99,1,5,0.5,0.19527811124449782,2.44
dog shampoo anti itching,1,2.46,24.99,1,2,1.0,0.09843937575030012,2.46
dog shampoo anti yeast,1,2.32,0.0,0,3,0.0,0.0,2.32
dog shampoo antibacterial,1,1.76,0.0,0,3,0.0,0.0,1.76
dog shampoo antibacterial antifungal,2,3.94,24.99,1,29,0.5,0.15766306522609044,1.97
dog shampoo antifungal,2,4.58,0.0,0,22,0.0,0.0,2.29
dog shampoo antifungal and itch relief,1,2.23,0.0,0,3,0.0,0.0,2.23
dog shampoo antifungal antibacterial,2,3.86,24.99,1,40,0.5,0.15446178471388555,1.93
dog shampoo apple cider,1,2.22,24.99,1,1,1.0,0.0888355342136855,2.22
dog shampoo arm & hammer,1,1.73,0.0,0,4,0.0,0.0,1.73
dog shampoo arm and hammer,1,2.26,0.0,0,9,0.0,0.0,2.26
dog shampoo bar,1,1.7,0.0,0,28,0.0,0.0,1.7
dog shampoo base,1,2.66,0.0,0,5,0.0,0.0,2.66
dog shampoo basset hound,1,1.87,0.0,0,1,0.0,0.0,1.87
dog shampoo bulldog,1,2.66,0.0,0,5,0.0,0.0,2.66
dog shampoo chemical free,1,2.14,0.0,0,2,0.0,0.0,2.14
dog shampoo cherry,1,2.14,0.0,0,5,0.0,0.0,2.14
dog shampoo chlorhex 4% shampoo,1,2.32,0.0,0,7,0.0,0.0,2.32
"dog shampoo clorhexidina 2-4%, peróxido de benzoílo,",1,1.9,0.0,0,5,0.0,0.0,1.9
dog shampoo cloro,1,1.87,0.0,0,1,0.0,0.0,1.87
dog shampoo concentrate,1,1.7,0.0,0,9,0.0,0.0,1.7
dog shampoo dander,1,1.69,0.0,0,1,0.0,0.0,1.69
dog shampoo dispenser,4,7.56,0.0,0,45,0.0,0.0,1.89
dog shampoo dry skin relief,1,2.45,0.0,0,2,0.0,0.0,2.45
dog shampoo earthbath sample,1,2.66,0.0,0,3,0.0,0.0,2.66
dog shampoo eczema,1,2.66,24.99,1,4,1.0,0.10644257703081234,2.66
dog shampoo espree,1,1.84,0.0,0,2,0.0,0.0,1.84
dog shampoo extremely itchy,1,2.32,0.0,0,3,0.0,0.0,2.32
dog shampoo foamer,1,1.69,24.99,1,2,1.0,0.06762705082032813,1.69
dog shampoo for a smelly pitbull,1,2.31,0.0,0,5,0.0,0.0,2.31
dog shampoo for allergies and itching,48,74.63,324.87,13,14073,0.2708333333333333,0.22972265829408683,1.5547916666666666
dog shampoo for allergy and fun￼,1,2.21,24.99,1,2,1.0,0.08843537414965986,2.21
dog shampoo for allergy sufferers,1,2.46,0.0,0,2,0.0,0.0,2.46
dog shampoo for australian shepherd,1,1.69,0.0,0,2,0.0,0.0,1.69
dog shampoo for boys,1,2.22,0.0,0,2,0.0,0.0,2.22
dog shampoo for bug bites,1,2.32,0.0,0,2,0.0,0.0,2.32
dog shampoo for cane corso and pug combination,1,1.69,0.0,0,2,0.0,0.0,1.69
dog shampoo for carpet beetles,1,2.13,0.0,0,1,0.0,0.0,2.13
dog shampoo for coarse hair,1,2.66,24.99,1,4,1.0,0.10644257703081234,2.66
dog shampoo for dark spot,1,1.69,0.0,0,1,0.0,0.0,1.69
dog shampoo for dogs with dander allergy,1,2.32,24.99,1,9,1.0,0.09283713485394157,2.32
dog shampoo for dogs with environmental allergies,1,1.69,0.0,0,2,0.0,0.0,1.69
dog shampoo for dorito smell,1,1.69,0.0,0,1,0.0,0.0,1.69
dog shampoo for dry flaky skin,4,9.61,24.99,1,54,0.25,0.38455382152861145,2.4025
dog shampoo for dry skin,17,38.24,49.98,2,384,0.11764705882352941,0.7651060424169669,2.2494117647058824
dog shampoo for dry skin and coat,1,2.14,0.0,0,2,0.0,0.0,2.14
dog shampoo for dry skin and itching,2,4.71,0.0,0,11,0.0,0.0,2.355
dog shampoo for dry skin and itching puppy,1,1.73,0.0,0,3,0.0,0.0,1.73
dog shampoo for dry skin salt water removal,1,2.14,0.0,0,1,0.0,0.0,2.14
dog shampoo for dryness,1,1.92,0.0,0,3,0.0,0.0,1.92
dog shampoo for dull hair,1,2.66,0.0,0,3,0.0,0.0,2.66
dog shampoo for ear yeast,1,2.01,0.0,0,3,0.0,0.0,2.01
dog shampoo for east and smell￼,1,2.14,0.0,0,2,0.0,0.0,2.14
dog shampoo for eczema,3,7.31,24.99,1,14,0.3333333333333333,0.2925170068027211,2.4366666666666665
dog shampoo for english bulldog dry skin,1,2.14,24.99,1,2,1.0,0.0856342537014806,2.14
dog shampoo for english bulldogs,1,2.39,0.0,0,3,0.0,0.0,2.39
dog shampoo for extreme dry shin,4,8.12,0.0,0,7,0.0,0.0,2.03
dog shampoo for extremely dry and allergies,1,1.92,24.99,1,1,1.0,0.07683073229291718,1.92
dog shampoo for flaky dry skin,1,2.45,0.0,0,4,0.0,0.0,2.45
dog shampoo for flaky skin,1,2.39,0.0,0,2,0.0,0.0,2.39
dog shampoo for french bulldog,3,7.18,49.98,2,16,0.6666666666666666,0.14365746298519408,2.393333333333333
dog shampoo for frenchies,2,3.74,0.0,0,3,0.0,0.0,1.87
dog shampoo for frito smell,2,4.4,0.0,0,10,0.0,0.0,2.2
dog shampoo for fungal infections,1,2.66,24.99,1,10,1.0,0.10644257703081234,2.66
dog shampoo for golden retrievers,2,4.92,24.99,1,7,0.5,0.19687875150060025,2.46
dog shampoo for grass allergies,1,2.32,0.0,0,2,0.0,0.0,2.32
dog shampoo for greasy coats,2,4.59,49.98,2,5,1.0,0.09183673469387756,2.295
dog shampoo for great danes,2,5.32,0.0,0,5,0.0,0.0,2.66
dog shampoo for hair loss,2,5.11,0.0,0,7,0.0,0.0,2.555
dog shampoo for hair loss and dry skin,1,1.92,0.0,0,2,0.0,0.0,1.92
dog shampoo for hair loss and itch,1,2.66,0.0,0,6,0.0,0.0,2.66
dog shampoo for hot spots,1,2.0,0.0,0,11,0.0,0.0,2.0
dog shampoo for hot spots and itching,1,2.66,0.0,0,2,0.0,0.0,2.66
dog shampoo for it ching,2,3.74,0.0,0,6,0.0,0.0,1.87
dog shampoo for itch relief from severe allergies,1,2.32,0.0,0,4,0.0,0.0,2.32
dog shampoo for itching,1,2.14,24.99,1,7,1.0,0.0856342537014806,2.14
dog shampoo for itching skin,3,7.44,24.99,1,13,0.3333333333333333,0.29771908763505406,2.48
dog shampoo for itchy,1,2.39,0.0,0,5,0.0,0.0,2.39
dog shampoo for itchy flaky skin,1,1.87,0.0,0,1,0.0,0.0,1.87
dog shampoo for itchy relief,2,4.48,24.99,1,5,0.5,0.17927170868347342,2.24
dog shampoo for itchy skin,1,2.39,0.0,0,3,0.0,0.0,2.39
dog shampoo for itchy skin allergies,1,2.66,0.0,0,4,0.0,0.0,2.66
dog shampoo for itchy skin relief,1,2.34,0.0,0,4,0.0,0.0,2.34
dog shampoo for licking,1,2.66,0.0,0,2,0.0,0.0,2.66
dog shampoo for lipomas,1,2.66,0.0,0,2,0.0,0.0,2.66
dog shampoo for maltipoo,1,2.14,0.0,0,2,0.0,0.0,2.14
dog shampoo for miniature schnauzer,1,2.66,0.0,0,2,0.0,0.0,2.66
dog shampoo for odor,1,1.76,24.99,1,3,1.0,0.07042817126850741,1.76
dog shampoo for odor and allergies,1,2.66,0.0,0,2,0.0,0.0,2.66
dog shampoo for odor and itching,1,2.14,0.0,0,9,0.0,0.0,2.14
dog shampoo for odor removal,1,2.66,0.0,0,2,0.0,0.0,2.66
dog shampoo for old smelly dogs,1,2.32,0.0,0,8,0.0,0.0,2.32
dog shampoo for older smelly dogs,1,2.66,0.0,0,6,0.0,0.0,2.66
dog shampoo for outside dogs,1,1.6,0.0,0,19,0.0,0.0,1.6
dog shampoo for scabbard,1,2.32,0.0,0,2,0.0,0.0,2.32
dog shampoo for scabby skin,1,2.14,0.0,0,2,0.0,0.0,2.14
dog shampoo for scratching,2,4.48,0.0,0,3,0.0,0.0,2.24
dog shampoo for sebaceous cysts,1,2.39,0.0,0,6,0.0,0.0,2.39
dog shampoo for severe dry skin,1,2.32,24.99,1,2,1.0,0.09283713485394157,2.32
dog shampoo for skin allergies,1,2.45,24.99,1,1,1.0,0.09803921568627452,2.45
dog shampoo for skin allergies￼,1,2.46,0.0,0,3,0.0,0.0,2.46
dog shampoo for skin infection,2,4.65,0.0,0,9,0.0,0.0,2.325
dog shampoo for smelly dogs and dry skin,1,1.69,0.0,0,1,0.0,0.0,1.69
dog shampoo for smelly dogs antifungal,1,2.25,0.0,0,3,0.0,0.0,2.25
dog shampoo for smelly dogs pitbulls,1,2.26,0.0,0,6,0.0,0.0,2.26
dog shampoo for smelly dogs yorkie,1,2.26,0.0,0,1,0.0,0.0,2.26
dog shampoo for smelly english bulldogs,1,1.92,0.0,0,1,0.0,0.0,1.92
dog shampoo for smelly fungal,1,2.46,24.99,1,1,1.0,0.09843937575030012,2.46
dog shampoo for smelly skin,1,1.76,0.0,0,3,0.0,0.0,1.76
dog shampoo for terrible allergies and wounded skin,1,2.26,24.99,1,2,1.0,0.09043617446978791,2.26
dog shampoo for thick double coat,1,2.32,0.0,0,4,0.0,0.0,2.32
dog shampoo for uti,1,2.14,0.0,0,1,0.0,0.0,2.14
dog shampoo for yeast and dryskin,1,2.22,0.0,0,2,0.0,0.0,2.22
dog shampoo for yeast and itching,1,2.46,0.0,0,5,0.0,0.0,2.46
dog shampoo for yeast infections,1,2.46,24.99,1,3,1.0,0.09843937575030012,2.46
dog shampoo for yeast skin,1,2.32,0.0,0,5,0.0,0.0,2.32
dog shampoo for yeast skin infection,8,19.05,49.98,2,63,0.25,0.3811524609843938,2.38125
dog shampoo for yeast smelly dogs,1,2.66,24.99,1,2,1.0,0.10644257703081234,2.66
dog shampoo for yellowing fur,1,2.66,0.0,0,7,0.0,0.0,2.66
dog shampoo for yorkies,1,2.32,0.0,0,9,0.0,0.0,2.32
dog shampoo forflaky dry skin,1,1.69,0.0,0,3,0.0,0.0,1.69
dog shampoo foryeast,1,1.92,0.0,0,2,0.0,0.0,1.92
dog shampoo fungal,1,2.66,24.99,1,4,1.0,0.10644257703081234,2.66
dog shampoo gloves,2,2.85,0.0,0,33,0.0,0.0,1.425
dog shampoo hair loss,1,1.84,0.0,0,14,0.0,0.0,1.84
dog shampoo healthy no itch allergy,1,2.66,0.0,0,1,0.0,0.0,2.66
dog shampoo help with warts and comedones,1,2.22,0.0,0,2,0.0,0.0,2.22
dog shampoo hertz,1,2.14,0.0,0,2,0.0,0.0,2.14
dog shampoo hot spot,2,4.9,49.98,2,3,1.0,0.09803921568627452,2.45
dog shampoo israel,1,1.76,0.0,0,4,0.0,0.0,1.76
dog shampoo itchy burning skin,1,2.14,24.99,1,3,1.0,0.0856342537014806,2.14
dog shampoo itchy skin relief,163,343.73,974.61,40,25061,0.24539877300613497,0.3526846636090334,2.1087730061349697
dog shampoo itchy smelly skin,1,2.31,0.0,0,2,0.0,0.0,2.31
dog shampoo kit for big dogs,1,2.14,0.0,0,1,0.0,0.0,2.14
dog shampoo long hair,1,1.76,24.99,1,1,1.0,0.07042817126850741,1.76
dog shampoo medicated,3,6.86,0.0,0,58,0.0,0.0,2.2866666666666666
dog shampoo medicated spray,1,2.32,24.99,1,2,1.0,0.09283713485394157,2.32
dog shampoo mitt dry skin,1,2.01,24.99,1,3,1.0,0.08043217286914765,2.01
dog shampoo moisturizer,1,2.14,0.0,0,6,0.0,0.0,2.14
dog shampoo non-rinse two fix hotspots,1,1.69,0.0,0,2,0.0,0.0,1.69
dog shampoo odor,1,1.69,0.0,0,2,0.0,0.0,1.69
dog shampoo odor eliminator,1,2.66,0.0,0,17,0.0,0.0,2.66
dog shampoo ofr dry skin,1,2.32,0.0,0,2,0.0,0.0,2.32
dog shampoo pitbull,4,10.64,24.99,1,13,0.25,0.42577030812324934,2.66
dog shampoo pitbull 3/4,1,2.32,0.0,0,2,0.0,0.0,2.32
dog shampoo relief,1,2.45,0.0,0,1,0.0,0.0,2.45
dog shampoo remove odor for 72 hours,1,2.0,0.0,0,3,0.0,0.0,2.0
dog shampoo remove scent,1,2.39,0.0,0,3,0.0,0.0,2.39
dog shampoo rottweiler,2,4.64,24.99,1,4,0.5,0.18567426970788314,2.32
dog shampoo sensitivity skincare,1,2.66,24.99,1,3,1.0,0.10644257703081234,2.66
dog shampoo short haired dogs,2,5.32,24.99,1,19,0.5,0.21288515406162467,2.66
dog shampoo silky smooth,1,2.66,0.0,0,3,0.0,0.0,2.66
dog shampoo skin an odor,1,2.46,0.0,0,1,0.0,0.0,2.46
dog shampoo skin and coat,1,2.46,0.0,0,6,0.0,0.0,2.46
dog shampoo sooth skin,1,2.66,0.0,0,3,0.0,0.0,2.66
dog shampoo spray,1,2.66,0.0,0,22,0.0,0.0,2.66
dog shampoo sprayer,1,2.26,0.0,0,6,0.0,0.0,2.26
dog shampoo strong scent,1,2.14,0.0,0,2,0.0,0.0,2.14
dog shampoo suction. 4%. pivetal,1,2.32,0.0,0,3,0.0,0.0,2.32
dog shampoo that gets rid of fruit smell,1,1.69,0.0,0,3,0.0,0.0,1.69
dog shampoo that helps wit irritated and dry skin,1,2.21,0.0,0,3,0.0,0.0,2.21
dog shampoo that helps with skin issues,1,2.14,0.0,0,2,0.0,0.0,2.14
dog shampoo that helps with yeast infections on skin,1,2.01,0.0,0,3,0.0,0.0,2.01
dog shampoo that reduces itching,1,2.46,24.99,1,18,1.0,0.09843937575030012,2.46
dog shampoo thermal medicine,2,3.23,0.0,0,10,0.0,0.0,1.615
dog shampoo to clean pores,1,2.46,0.0,0,1,0.0,0.0,2.46
dog shampoo to help anus,1,2.46,0.0,0,4,0.0,0.0,2.46
dog shampoo uti,1,2.01,0.0,0,2,0.0,0.0,2.01
dog shampoo when itchy,2,4.07,0.0,0,7,0.0,0.0,2.035
dog shampoo with allergies,1,1.69,24.99,1,2,1.0,0.06762705082032813,1.69
dog shampoo with azufre,1,2.14,0.0,0,1,0.0,0.0,2.14
dog shampoo with baking soda,8,18.64,74.97,3,58,0.375,0.2486327864479125,2.33
dog shampoo with baking soda in it,1,2.26,0.0,0,2,0.0,0.0,2.26
dog shampoo with coconut oil,2,4.72,0.0,0,7,0.0,0.0,2.36
dog shampoo with gentian violets,1,2.26,0.0,0,2,0.0,0.0,2.26
dog shampoo with hydrocortisone,1,2.66,0.0,0,9,0.0,0.0,2.66
dog shampoo with no scents,1,2.22,0.0,0,1,0.0,0.0,2.22
dog shampoo with pramoxine and cortisone,1,2.66,0.0,0,3,0.0,0.0,2.66
dog shampoo with selenium sulfide,1,2.26,0.0,0,2,0.0,0.0,2.26
dog shampoo with silver,1,2.14,0.0,0,4,0.0,0.0,2.14
dog shampoo with vitamins,1,2.0,0.0,0,2,0.0,0.0,2.0
dog shampoo with/greek yogurt for protein,1,2.46,0.0,0,8,0.0,0.0,2.46
dog shampoo xymox,1,1.84,24.99,1,1,1.0,0.0736294517807123,1.84
dog shampoo yorkipoo,1,2.32,0.0,0,2,0.0,0.0,2.32
dog shampooforpaw licking,1,2.39,0.0,0,3,0.0,0.0,2.39
dog shampoos,5,9.85,24.99,1,186,0.2,0.3941576630652261,1.97
dog shampoos anti fungal,1,2.39,24.99,1,3,1.0,0.09563825530212086,2.39
dog shampoos espree,1,2.66,0.0,0,4,0.0,0.0,2.66
dog shampoos for cleaning,1,2.01,0.0,0,2,0.0,0.0,2.01
dog shampoos for yeast infections,1,2.41,0.0,0,2,0.0,0.0,2.41
dog shampoos gor bacterial infections,1,2.66,0.0,0,3,0.0,0.0,2.66
dog shower shampoo for strong smelly,1,1.94,0.0,0,3,0.0,0.0,1.94
dog skin allergy shampoo,3,7.44,0.0,0,22,0.0,0.0,2.48
dog skin bacteria shampoo,1,1.92,0.0,0,4,0.0,0.0,1.92
dog skin disinfecting oil for shampoos,1,2.02,0.0,0,2,0.0,0.0,2.02
dog skin irritation shampoo,2,5.12,0.0,0,17,0.0,0.0,2.56
dog skin irritation treatment shampoo,1,2.39,0.0,0,1,0.0,0.0,2.39
dog skin shampoo treatment,1,2.21,0.0,0,3,0.0,0.0,2.21
dog sleep shampoo,1,2.26,0.0,0,2,0.0,0.0,2.26
dog smell eliminator shampoo,1,2.32,0.0,0,3,0.0,0.0,2.32
dog soapless shampoo,1,2.66,0.0,0,3,0.0,0.0,2.66
dog wash,1,1.4,0.0,0,3,0.0,0.0,1.4
dog wash antifungal antibacterial,1,2.06,0.0,0,1,0.0,0.0,2.06
dog wash for dry itchy skin,1,2.45,24.99,1,4,1.0,0.09803921568627452,2.45
dog wash for yeast and bacteria,1,2.22,0.0,0,1,0.0,0.0,2.22
dog wash set,1,2.66,0.0,0,5,0.0,0.0,2.66
dog wash that keeps bugs off skin,1,2.39,0.0,0,3,0.0,0.0,2.39
dog water free shampoo,1,2.66,0.0,0,2,0.0,0.0,2.66
dog whisperer shampoo,1,2.32,0.0,0,11,0.0,0.0,2.32
dog wound care shampoo,1,1.73,0.0,0,1,0.0,0.0,1.73
dog yeast overgrowth shampoo,1,2.31,0.0,0,2,0.0,0.0,2.31
dog yeast shampoo,4,9.0,24.99,1,135,0.25,0.36014405762304924,2.25
dog ￼yeast shampoo,1,2.14,24.99,1,5,1.0,0.0856342537014806,2.14
dog's shampoo,1,2.14,0.0,0,2,0.0,0.0,2.14
doggie medicated shampoo,1,1.69,24.99,1,2,1.0,0.06762705082032813,1.69
doggie shampoo for dry skin,1,1.69,0.0,0,2,0.0,0.0,1.69
doggy shampoo,1,1.87,0.0,0,2,0.0,0.0,1.87
dogs itching save shampoo,1,2.32,24.99,1,3,1.0,0.09283713485394157,2.32
dogs itchy shampoo,1,1.73,0.0,0,4,0.0,0.0,1.73
dogs medicated shampoo for itching,1,2.14,0.0,0,2,0.0,0.0,2.14
dogs moisturizer shampoo,1,2.66,0.0,0,3,0.0,0.0,2.66
dogs shampoo,1,2.01,24.99,1,9,1.0,0.08043217286914765,2.01
dogs shampoo for dry skin,1,2.32,0.0,0,2,0.0,0.0,2.32
dogs skin condition shampoo,1,2.22,0.0,0,3,0.0,0.0,2.22
"dog‑specific medicated shampoo hydrocortisone, antifungal or antibacterial",1,1.92,24.99,1,3,1.0,0.07683073229291718,1.92
doog shampoo,1,2.01,0.0,0,3,0.0,0.0,2.01
double coat dog shampoo,1,2.32,0.0,0,10,0.0,0.0,2.32
douxos3 dog shampoo,5,8.29,0.0,0,332,0.0,0.0,1.658
dr harvey's dog shampoo,1,2.24,24.99,1,3,1.0,0.08963585434173671,2.24
dry dog skin shampoo,1,2.14,0.0,0,2,0.0,0.0,2.14
dry doggy shampoo,1,2.14,0.0,0,3,0.0,0.0,2.14
dry medicated dog shampoo,2,4.6,0.0,0,5,0.0,0.0,2.3
dry medicated shampoo for dogs,1,2.32,0.0,0,2,0.0,0.0,2.32
dry skin and itching shampoo for dogs medicated,1,1.83,24.99,1,2,1.0,0.07322929171668668,1.83
dry skin dog shampoo severe,1,2.32,24.99,1,1,1.0,0.09283713485394157,2.32
dry skin shampoo for dogs,5,12.1,24.99,1,63,0.2,0.4841936774709884,2.42
dryer dog shampoo,1,2.32,0.0,0,2,0.0,0.0,2.32
duohex dog shampoo,1,1.76,0.0,0,2,0.0,0.0,1.76
durvet antibacterial & antifungal shampoo,1,2.39,24.99,1,3,1.0,0.09563825530212086,2.39
duxos dog shampoo,2,3.13,0.0,0,75,0.0,0.0,1.565
e3 dog shampoo,1,1.6,0.0,0,2,0.0,0.0,1.6
e3 k9 antifungal & antibacterial shampoo,1,1.22,0.0,0,3,0.0,0.0,1.22
eaching dog shampoo,2,4.02,0.0,0,8,0.0,0.0,2.01
earth bath mango shampoo for dogs,1,1.69,0.0,0,1,0.0,0.0,1.69
earthbath dog shampoo,4,9.48,24.99,1,449,0.25,0.3793517406962785,2.37
elanco relief shampoo for dogs,1,2.32,0.0,0,7,0.0,0.0,2.32
elanco shampoo for dogs,1,2.22,0.0,0,1,0.0,0.0,2.22
english bulldog shampoo,3,7.09,49.98,2,15,0.6666666666666666,0.14185674269707885,2.3633333333333333
english bulldog shampoo for itch,1,2.31,0.0,0,3,0.0,0.0,2.31
enzyme dog shampoo,1,2.66,0.0,0,9,0.0,0.0,2.66
equiderma barn dog shampoo,1,2.26,24.99,1,10,1.0,0.09043617446978791,2.26
espree dog shampoo,4,8.75,0.0,0,133,0.0,0.0,2.1875
essential oil dog shampoo for yeast prone dogs,1,2.14,0.0,0,2,0.0,0.0,2.14
eucalyptus and mint dog shampoo,1,2.32,0.0,0,1,0.0,0.0,2.32
eucalyptus dog shampoo,1,1.87,0.0,0,1,0.0,0.0,1.87
extreme deodorizing dog shampoo,2,4.98,0.0,0,14,0.0,0.0,2.49
extreme odor dog shampoo,2,4.01,24.99,1,19,0.5,0.1604641856742697,2.005
farmasia shampoo for dogs,1,1.87,0.0,0,5,0.0,0.0,1.87
fee dog shampoo,1,2.66,24.99,1,2,1.0,0.10644257703081234,2.66
fierce 8 dog shampoo,1,2.39,0.0,0,3,0.0,0.0,2.39
filthy beast dog shampoo,2,5.32,0.0,0,14,0.0,0.0,2.66
foam dog shampoo refill,1,2.14,0.0,0,1,0.0,0.0,2.14
foam shampoo for dogs,1,1.87,0.0,0,3,0.0,0.0,1.87
fog shampoo for itching,2,4.98,0.0,0,11,0.0,0.0,2.49
for dog skin green spot shampoo,1,2.66,0.0,0,2,0.0,0.0,2.66
french bulldog shampoo for itchy skin,1,2.45,24.99,1,2,1.0,0.09803921568627452,2.45
french bulldog shampoo for smelly dogs,1,2.39,0.0,0,3,0.0,0.0,2.39
frenchie allergy dog shampoo,1,2.66,0.0,0,2,0.0,0.0,2.66
frenchie bulldog shampoo,1,2.66,0.0,0,1,0.0,0.0,2.66
frenchie dog shampoo,3,6.73,0.0,0,20,0.0,0.0,2.2433333333333336
frenchie shampoo,1,2.32,24.99,1,9,1.0,0.09283713485394157,2.32
frenchie strong dog shampoo,2,4.49,0.0,0,4,0.0,0.0,2.245
fresh and clean dog shampoo,2,3.47,0.0,0,24,0.0,0.0,1.735
frightening shampoo for dogs,1,1.87,0.0,0,2,0.0,0.0,1.87
fungal dog shampoo,3,6.72,24.99,1,22,0.3333333333333333,0.2689075630252101,2.2399999999999998
fungal shampoo for dogs,3,6.14,0.0,0,24,0.0,0.0,2.0466666666666664
furminator shampoo for dogs,3,5.18,0.0,0,127,0.0,0.0,1.7266666666666666
garrapaticide for dogs shampoo,1,2.08,0.0,0,2,0.0,0.0,2.08
genhaven therapeutics hexachlor-k shampoo for dogs,1,2.32,0.0,0,3,0.0,0.0,2.32
gentle dog shampoo,1,2.32,0.0,0,8,0.0,0.0,2.32
german shepherd shampoo,4,8.53,24.99,1,52,0.25,0.34133653461384555,2.1325
goat milk dog shampoo,2,4.15,0.0,0,8,0.0,0.0,2.075
golden retriever dry skin shampoo,1,2.66,24.99,1,1,1.0,0.10644257703081234,2.66
golden retriever shampoo,1,2.39,24.99,1,13,1.0,0.09563825530212086,2.39
great dane shampoo,2,4.32,0.0,0,10,0.0,0.0,2.16
groomer dog shampoo,1,2.46,0.0,0,4,0.0,0.0,2.46
groomer grade dog shampoo,1,2.26,0.0,0,5,0.0,0.0,2.26
groomer swag dog shampoo,1,2.32,0.0,0,2,0.0,0.0,2.32
hair growth dog shampoo,1,1.84,24.99,1,2,1.0,0.0736294517807123,1.84
healing dog shampoo,1,2.32,0.0,0,1,0.0,0.0,2.32
healing shampoo dogs,1,2.32,0.0,0,3,0.0,0.0,2.32
healthy breeds dog shampoo,1,2.66,0.0,0,34,0.0,0.0,2.66
healthy breeds dog shampoo itchy,1,2.22,0.0,0,3,0.0,0.0,2.22
healthy dog shampoo,1,2.46,24.99,1,7,1.0,0.09843937575030012,2.46
hemp coconut oil shampoo for dogs yeast,1,2.0,0.0,0,1,0.0,0.0,2.0
hemp dog shampoo for dry itchy skin,1,2.26,24.99,1,1,1.0,0.09043617446978791,2.26
hemp pineapple coconut dog shampoo,1,2.01,24.99,1,2,1.0,0.08043217286914765,2.01
hempz dog shampoo,3,5.91,24.99,1,131,0.3333333333333333,0.23649459783913568,1.97
herbal dog shampoo,1,2.26,0.0,0,3,0.0,0.0,2.26
hibiclens dog shampoo,1,2.31,0.0,0,3,0.0,0.0,2.31
high lather dog shampoo,1,2.01,0.0,0,3,0.0,0.0,2.01
hilite dog shampoo,1,2.66,0.0,0,3,0.0,0.0,2.66
honesty dog shampoo,1,2.32,0.0,0,3,0.0,0.0,2.32
honeysuckle dog shampoo,1,2.66,24.99,1,3,1.0,0.10644257703081234,2.66
hose dog shampoo,1,2.46,0.0,0,1,0.0,0.0,2.46
hot shot shampoo for dogs,1,2.22,0.0,0,1,0.0,0.0,2.22
hot spot dog shampoo,1,1.92,24.99,1,5,1.0,0.07683073229291718,1.92
hot spot shampoo for dogs,4,8.53,24.99,1,183,0.25,0.34133653461384555,2.1325
hotspot and itch relief medicated shampoo for dogs,1,2.45,24.99,1,1,1.0,0.09803921568627452,2.45
hotspot and yeast dog shampoo,1,2.32,24.99,1,2,1.0,0.09283713485394157,2.32
hotspot shampoo for dogs,2,4.07,0.0,0,2,0.0,0.0,2.035
husky shampoo,1,1.76,0.0,0,5,0.0,0.0,1.76
hydr dog shampoo,1,2.14,0.0,0,1,0.0,0.0,2.14
hydra dog shampoo,1,2.66,0.0,0,104,0.0,0.0,2.66
hydra moisturizing shampoo for dogs,1,1.33,0.0,0,7,0.0,0.0,1.33
hydra professional dog shampoo for allergies,1,1.69,24.99,1,3,1.0,0.06762705082032813,1.69
hydro detox shampoo for dogs,1,1.69,24.99,1,1,1.0,0.06762705082032813,1.69
hydrochloride dog shampoo,1,1.87,0.0,0,1,0.0,0.0,1.87
hydrocortisone dog shampoo,3,6.3,24.99,1,5,0.3333333333333333,0.25210084033613445,2.1
hydrocortisone shampoo dogs,1,1.59,0.0,0,2,0.0,0.0,1.59
hylyt dog shampoo,1,1.6,0.0,0,19,0.0,0.0,1.6
hyper allergenic dog shampoo,1,1.73,0.0,0,2,0.0,0.0,1.73
hyperallergenic dog shampoo,1,1.6,0.0,0,6,0.0,0.0,1.6
hypo allergenic dog shampoos,1,1.76,24.99,1,2,1.0,0.07042817126850741,1.76
hypochlorous dog bath,1,1.76,0.0,0,3,0.0,0.0,1.76
ice dog shampoo,1,2.66,24.99,1,2,1.0,0.10644257703081234,2.66
igroom dog shampoo allergy,1,2.22,0.0,0,1,0.0,0.0,2.22
igroom dog shampoo for dry skin,1,2.31,24.99,1,1,1.0,0.09243697478991597,2.31
industrial dog shampoo,1,2.32,0.0,0,1,0.0,0.0,2.32
iodine shampoo for dog,1,1.49,0.0,0,2,0.0,0.0,1.49
isle of dogs shampoo,1,2.66,0.0,0,62,0.0,0.0,2.66
it h relief shampoo for dogs,1,1.69,0.0,0,1,0.0,0.0,1.69
itch dog shampoo,1,2.01,0.0,0,6,0.0,0.0,2.01
itch relief shampoo for dogs,2,4.05,0.0,0,72,0.0,0.0,2.025
itching dog hair shampoo,1,2.31,0.0,0,3,0.0,0.0,2.31
itching relief for dogs shampoo,1,2.39,24.99,1,2,1.0,0.09563825530212086,2.39
itching shampoo for dogs,1,1.87,24.99,1,1,1.0,0.07482993197278913,1.87
itchy chorkie dog shampoo,1,2.39,0.0,0,3,0.0,0.0,2.39
itchy dog shampoo,11,23.75,74.97,3,221,0.2727272727272727,0.3167933840202748,2.159090909090909
itchy dog shampoo with tree tea oil,1,2.22,0.0,0,3,0.0,0.0,2.22
itchy german shepherd shampoo,1,2.39,0.0,0,4,0.0,0.0,2.39
itchy shampoo dogs,1,2.0,0.0,0,3,0.0,0.0,2.0
itchy shampoo for dog,1,2.42,24.99,1,1,1.0,0.09683873549419768,2.42
itchy shampoo for dogs,1,2.32,0.0,0,6,0.0,0.0,2.32
itchy skin relief for dogs shampoo,1,2.39,0.0,0,3,0.0,0.0,2.39
itchy skinn for dogs shampoo,1,1.92,24.99,1,2,1.0,0.07683073229291718,1.92
jabon de arándanos para perros,1,2.31,0.0,0,2,0.0,0.0,2.31
karate shampoo for dogs,1,2.22,0.0,0,5,0.0,0.0,2.22
keratolux shampoo for dogs,2,4.53,24.99,1,12,0.5,0.18127250900360145,2.265
ketochlor dog shampoo,1,1.69,0.0,0,2,0.0,0.0,1.69
ketochlor dog shampoo 80,1,2.01,0.0,0,5,0.0,0.0,2.01
ketochlor medicated shampoo for dogs,4,9.49,24.99,1,38,0.25,0.37975190076030413,2.3725
ketoconazon shampoo dogs,2,3.94,0.0,0,2,0.0,0.0,1.97
ketohexidine shampoo for dogs,1,2.01,0.0,0,5,0.0,0.0,2.01
ketowell shampoo for dogs,1,1.39,0.0,0,7,0.0,0.0,1.39
kill bacteria shampoo for dogs,1,2.45,0.0,0,2,0.0,0.0,2.45
kinetic vet dog shampoo,1,2.14,24.99,1,2,1.0,0.0856342537014806,2.14
large dog body wash,1,1.86,0.0,0,2,0.0,0.0,1.86
leave in dog shampoo for dry skin that does not need to be rinsed out,1,2.66,0.0,0,1,0.0,0.0,2.66
leave-in shampoo for dogs,1,2.32,0.0,0,5,0.0,0.0,2.32
lillian ruff dog shampoo,2,3.68,0.0,0,21,0.0,0.0,1.84
liquid dog shampoo,1,2.26,0.0,0,1,0.0,0.0,2.26
long fur dog shampoo,1,2.32,24.99,1,3,1.0,0.09283713485394157,2.32
long lasting dog shampoo for smelly dogs,1,2.26,0.0,0,2,0.0,0.0,2.26
magical royal dog shampoo,1,2.32,24.99,1,2,1.0,0.09283713485394157,2.32
magistral royal dog shampoo,1,2.26,0.0,0,10,0.0,0.0,2.26
mal a ket shampoo for dogs,1,2.32,0.0,0,8,0.0,0.0,2.32
malacetic shampoo for dogs,1,1.39,0.0,0,2,0.0,0.0,1.39
malaket shampoo for dogs,1,1.76,0.0,0,4,0.0,0.0,1.76
malasec dog shampoo,1,2.32,0.0,0,4,0.0,0.0,2.32
male dog shampoo,1,2.26,0.0,0,2,0.0,0.0,2.26
maleficent dog shampoo,1,2.46,0.0,0,4,0.0,0.0,2.46
maltese dog shampoo,1,2.14,0.0,0,3,0.0,0.0,2.14
mane and tail dog shampoo,1,2.32,0.0,0,4,0.0,0.0,2.32
mane and tails shampoo for dogs,1,1.69,24.99,1,1,1.0,0.06762705082032813,1.69
marcona hex shampoo for dogs,1,1.87,0.0,0,2,0.0,0.0,1.87
matting shampoo for dogs,1,2.32,0.0,0,2,0.0,0.0,2.32
md fungal shampoo for dogs,1,1.76,24.99,2,2,2.0,0.07042817126850741,1.76
med dog shampoo,1,2.32,0.0,0,3,0.0,0.0,2.32
medi care dog wash,1,1.69,0.0,0,3,0.0,0.0,1.69
medical dog shampoo,1,2.45,0.0,0,2,0.0,0.0,2.45
medical shampoo for damaged skin of dogs,1,2.66,24.99,1,2,1.0,0.10644257703081234,2.66
medical shampoo for dogs,2,4.32,24.99,1,5,0.5,0.17286914765906364,2.16
medical vet shampoo,1,2.22,24.99,1,2,1.0,0.0888355342136855,2.22
medicated allergy dog shampoo,1,1.84,0.0,0,163,0.0,0.0,1.84
medicated dog allergy shampoo,1,2.39,0.0,0,1,0.0,0.0,2.39
medicated dog anti-shampoo￼,1,2.21,0.0,0,2,0.0,0.0,2.21
medicated dog shampoo,156,316.12,799.68,32,26244,0.20512820512820512,0.39530812324929976,2.0264102564102564
medicated dog shampoo anti fungal,1,2.39,24.99,1,1,1.0,0.09563825530212086,2.39
medicated dog shampoo antifungal,1,2.39,0.0,0,4,0.0,0.0,2.39
medicated dog shampoo antifungal antibacterial,3,7.29,49.98,1,21,0.3333333333333333,0.14585834333733494,2.43
medicated dog shampoo for allergies,2,4.53,24.99,1,16,0.5,0.18127250900360145,2.265
medicated dog shampoo for hives,1,2.39,0.0,0,0,0.0,0.0,2.39
medicated dog shampoo for hot spots,1,2.39,0.0,0,1,0.0,0.0,2.39
medicated dog shampoo for itching,2,4.78,0.0,0,6,0.0,0.0,2.39
medicated dog shampoo for odor control,1,2.66,0.0,0,2,0.0,0.0,2.66
medicated dog shampoo for scabs,1,2.14,24.99,1,3,1.0,0.0856342537014806,2.14
medicated dog shampoo for skin & ears,1,1.69,0.0,0,1,0.0,0.0,1.69
medicated dog shampoo for skin conditions,22,51.55,174.93,7,700,0.3181818181818182,0.2946893042931458,2.3431818181818183
medicated dog shampoo for staph,1,2.39,0.0,0,1,0.0,0.0,2.39
medicated dog shampoo for wounds,1,2.39,0.0,0,1,0.0,0.0,2.39
medicated dog shampoo for yeast,2,4.92,24.99,1,23,0.5,0.19687875150060025,2.46
medicated dog shampoo for yeast infections,1,1.87,24.99,1,3,1.0,0.07482993197278913,1.87
medicated dog shampoo lidocaine,1,2.45,0.0,0,1,0.0,0.0,2.45
medicated dog shampoo that kills rig worm,1,2.32,0.0,0,4,0.0,0.0,2.32
medicated dog shampoo yeast,1,2.14,0.0,0,6,0.0,0.0,2.14
medicated dog shampooeast,1,2.66,0.0,0,1,0.0,0.0,2.66
medicated dog shampoos with hydrocortisone,1,1.87,24.99,1,2,1.0,0.07482993197278913,1.87
medicated dog wash,1,2.02,24.99,1,1,1.0,0.08083233293317328,2.02
medicated fog shampoo for seasonal skin allergies,1,2.45,24.99,1,2,1.0,0.09803921568627452,2.45
medicated itchy dog shampoo,1,2.39,0.0,0,6,0.0,0.0,2.39
medicated puppy shampoo for yeast,1,2.45,0.0,0,1,0.0,0.0,2.45
medicated shampoo for allergy dogs,1,2.01,0.0,0,2,0.0,0.0,2.01
medicated shampoo for dog,4,6.51,24.99,1,82,0.25,0.2605042016806723,1.6275
medicated shampoo for dogs,13,28.44,124.95,5,399,0.38461538461538464,0.2276110444177671,2.187692307692308
medicated shampoo for dogs with allergies,1,2.45,0.0,0,1,0.0,0.0,2.45
medicated shampoo for dogs with severe allergies,2,3.74,24.99,1,3,0.5,0.14965986394557826,1.87
medicated shampoo for itchy dogs,1,2.14,0.0,0,5,0.0,0.0,2.14
medicated shampoo for scalp problems dogs,1,1.87,0.0,0,1,0.0,0.0,1.87
medicated shampoo for small dogs,1,1.92,0.0,0,3,0.0,0.0,1.92
medicated shampoo to help my dog,1,2.32,0.0,0,2,0.0,0.0,2.32
medicated veterinary dog shampoo,1,1.92,0.0,0,1,0.0,0.0,1.92
medication dog shampoo for dry loss of hair hot spots,1,1.92,0.0,0,2,0.0,0.0,1.92
medicinal dog shampoo,1,2.14,0.0,0,3,0.0,0.0,2.14
medicine for bathtub in dogs,1,1.98,0.0,0,2,0.0,0.0,1.98
mevers dog shampoo,1,2.45,24.99,1,1,1.0,0.09803921568627452,2.45
meyers dog shampoo,1,1.84,0.0,0,45,0.0,0.0,1.84
meyers dog shampoo dry skin,1,2.66,24.99,1,3,1.0,0.10644257703081234,2.66
micohexidine shampoo for dogs,1,1.76,0.0,0,1,0.0,0.0,1.76
micoplex shampoo dog,1,2.32,0.0,0,11,0.0,0.0,2.32
micronesia dog shampoo,1,2.22,0.0,0,2,0.0,0.0,2.22
microplex dog shampoo,1,1.76,0.0,0,2,0.0,0.0,1.76
microseb dog shampoo,1,1.56,0.0,0,4,0.0,0.0,1.56
microtek shampoo for dogs,1,1.6,0.0,0,15,0.0,0.0,1.6
mines shampoo for dogs,1,2.45,0.0,0,1,0.0,0.0,2.45
miracle dog shampoo,1,1.07,0.0,0,3,0.0,0.0,1.07
miracle mist for dogs shampoo,1,2.66,0.0,0,4,0.0,0.0,2.66
miracle moisture dog shampoo,1,2.32,24.99,1,7,1.0,0.09283713485394157,2.32
moisture shampoo and conditionerfor dogs,1,2.14,0.0,0,1,0.0,0.0,2.14
moisturizing dog shampoo,4,9.11,24.99,1,113,0.25,0.3645458183273309,2.2775
moisturizing dog shampoo for dry skin,1,2.14,0.0,0,3,0.0,0.0,2.14
moisturizing dog wash for dry skin,1,2.26,24.99,1,2,1.0,0.09043617446978791,2.26
moisturizing shampoo for dogs,4,8.27,24.99,1,9,0.25,0.33093237294917965,2.0675
moisturizing shampoo for dry skin of dogs,1,2.39,0.0,0,2,0.0,0.0,2.39
moisturizing shampoo for my dog,1,2.39,24.99,1,2,1.0,0.09563825530212086,2.39
mossy oak dog shampoo,1,2.32,24.99,1,10,1.0,0.09283713485394157,2.32
mrs meyer dog shampoo,1,1.84,0.0,0,31,0.0,0.0,1.84
mrs meyers dog shampoo,1,2.66,24.99,1,8,1.0,0.10644257703081234,2.66
murale vet dog shampoo,1,2.26,0.0,0,2,0.0,0.0,2.26
myers dog deodorizing shampoo,1,2.66,0.0,0,3,0.0,0.0,2.66
nexderma dog shampoo,3,6.02,24.99,1,58,0.3333333333333333,0.24089635854341737,2.0066666666666664
nexderma silver dog shampoo,1,2.14,0.0,0,4,0.0,0.0,2.14
no rinse dog shampoo,1,1.76,0.0,0,5,0.0,0.0,1.76
no rinse dog shampoo hyper allergic,1,2.32,0.0,0,1,0.0,0.0,2.32
no tears dog shampoo,1,1.6,0.0,0,7,0.0,0.0,1.6
no water dog shampoo,1,2.66,0.0,0,4,0.0,0.0,2.66
no water dog shampoo no-rinse,1,2.32,0.0,0,12,0.0,0.0,2.32
non allergic dog shampoo,1,2.14,24.99,1,2,1.0,0.0856342537014806,2.14
non irritating dog shampoo,1,2.66,0.0,0,0,0.0,0.0,2.66
non stinging dog shampoo,1,2.01,0.0,0,3,0.0,0.0,2.01
non toxic dog shampoo,1,1.6,0.0,0,4,0.0,0.0,1.6
nootie dog shampoo,4,7.6,24.99,1,338,0.25,0.3041216486594638,1.9
nootie medicated dog shampoo,4,6.17,0.0,0,107,0.0,0.0,1.5425
oat milk shampoo for dogs,1,1.76,0.0,0,2,0.0,0.0,1.76
oat shampoo for dogs,1,2.01,24.99,1,2,1.0,0.08043217286914765,2.01
odor control dog shampoo,3,5.45,24.99,1,47,0.3333333333333333,0.2180872348939576,1.8166666666666667
odor dog shampoo,1,1.87,0.0,0,1,0.0,0.0,1.87
odor dog shampoo bacteria coconut oil,1,2.22,0.0,0,2,0.0,0.0,2.22
odor eliminator for dogs shampoo,1,2.04,0.0,0,1,0.0,0.0,2.04
odorless medicated shampoo for dogs,1,2.22,0.0,0,3,0.0,0.0,2.22
odorless softening shampoo for dogs,1,2.22,0.0,0,2,0.0,0.0,2.22
oil based dog shampoo,1,2.26,0.0,0,2,0.0,0.0,2.26
oily dog shampoo,1,2.32,0.0,0,8,0.0,0.0,2.32
ointment for dogs skin irritation shampoo,1,1.87,0.0,0,3,0.0,0.0,1.87
old english bulldog shampoo,2,4.44,0.0,0,2,0.0,0.0,2.22
ophiopogon japonicus dog shampoo,1,2.66,0.0,0,4,0.0,0.0,2.66
orange dog shampoo,1,2.66,0.0,0,1,0.0,0.0,2.66
order no rinse dog shampoo,1,2.32,0.0,0,2,0.0,0.0,2.32
oregano dog shampoo,1,2.39,0.0,0,8,0.0,0.0,2.39
party 5 in 1 dog shampoo,1,2.66,24.99,1,1,1.0,0.10644257703081234,2.66
patchouli dog shampoo,1,2.32,0.0,0,4,0.0,0.0,2.32
paul mitchell dog shampoo,1,2.66,0.0,0,26,0.0,0.0,2.66
paul mitchell shampoo dog,1,2.32,0.0,0,2,0.0,0.0,2.32
paul mitchell shampoo for dogs,1,2.32,0.0,0,4,0.0,0.0,2.32
pawfly 5 in 1 dog shampoo,1,2.32,24.99,1,1,1.0,0.09283713485394157,2.32
pawfume dog shampoo,1,2.14,0.0,0,10,0.0,0.0,2.14
pawfy 5 in 1 dog shampoo,2,4.26,24.99,1,50,0.5,0.17046818727490998,2.13
pawfy dog shampoo,3,7.37,0.0,0,65,0.0,0.0,2.4566666666666666
pawfy dog shampoo 5 in 1,1,1.84,0.0,0,5,0.0,0.0,1.84
pawfy shampoo for dogs 5 in 1,1,1.94,0.0,0,17,0.0,0.0,1.94
permethrin dog shampoo,2,4.92,0.0,0,11,0.0,0.0,2.46
petarmor plus shampoo for dogs in green bottle,1,1.87,0.0,0,1,0.0,0.0,1.87
petology dog shampoo,1,2.14,0.0,0,3,0.0,0.0,2.14
ph balance dog shampoo,1,2.31,0.0,0,1,0.0,0.0,2.31
ph balanced dog shampoo,2,5.32,0.0,0,11,0.0,0.0,2.66
ph balancing dog shampoo,2,4.31,0.0,0,8,0.0,0.0,2.155
ph-balanced dog shampoo for general coat care,1,1.69,0.0,0,2,0.0,0.0,1.69
pharm and kennel dog shampoo,1,1.87,0.0,0,4,0.0,0.0,1.87
piel seca perros shampoo,1,1.87,0.0,0,1,0.0,0.0,1.87
pine tar dog shampoo,1,1.78,0.0,0,11,0.0,0.0,1.78
pit bull dog shampoo,1,2.39,0.0,0,2,0.0,0.0,2.39
pitbull dog shampoo,2,4.01,0.0,0,13,0.0,0.0,2.005
pitbull shampoo,3,7.08,0.0,0,40,0.0,0.0,2.36
pitbull shampoo for dry itchy skin,1,2.39,0.0,0,3,0.0,0.0,2.39
pitty yeast shampoo,1,2.45,24.99,1,2,1.0,0.09803921568627452,2.45
pivotal suffusion dog shampoo,1,1.65,0.0,0,2,0.0,0.0,1.65
plum dog shampoo,1,2.66,24.99,1,5,1.0,0.10644257703081234,2.66
plum silky dog shampoo,1,2.66,0.0,0,17,0.0,0.0,2.66
pomeranian shampoo,1,2.26,0.0,0,6,0.0,0.0,2.26
poodle itching shampoo,1,2.39,0.0,0,1,0.0,0.0,2.39
poodle shampoo kit,1,2.26,0.0,0,1,0.0,0.0,2.26
povidone shampoo for dogs,1,2.22,0.0,0,7,0.0,0.0,2.22
pramoxine dog shampoo,2,4.8,0.0,0,31,0.0,0.0,2.4
pramoxine hcl for dogsshampoo,1,2.66,0.0,0,1,0.0,0.0,2.66
pramoxine shampoo for dogs,1,1.29,0.0,0,1,0.0,0.0,1.29
premier dog shampoo,1,2.66,0.0,0,6,0.0,0.0,2.66
professional dog grooming shampoo,1,2.46,0.0,0,6,0.0,0.0,2.46
professional dog shampoo,1,2.66,0.0,0,20,0.0,0.0,2.66
professional senior dog shampoo,1,2.32,0.0,0,3,0.0,0.0,2.32
pug shampoo,3,7.02,24.99,1,25,0.3333333333333333,0.2809123649459784,2.34
pump dog shampoo,1,1.48,0.0,0,1,0.0,0.0,1.48
puppy grooming supplies shampoo,2,4.52,0.0,0,10,0.0,0.0,2.26
puppy shampoo,5,12.42,24.99,1,739,0.2,0.49699879951980797,2.484
puppy shampoo for pyoderma,1,2.39,0.0,0,2,0.0,0.0,2.39
puppy shampoo irritated skin,1,2.32,0.0,0,2,0.0,0.0,2.32
pyrethrin shampoo for dogs,1,2.31,0.0,0,10,0.0,0.0,2.31
rash and hair growth shampoo for dogs,1,2.31,0.0,0,3,0.0,0.0,2.31
real bad allergies in dogs shampoo,1,2.45,0.0,0,2,0.0,0.0,2.45
red dog shampoo,1,2.26,0.0,0,6,0.0,0.0,2.26
red toy poodle shampoo,1,2.46,0.0,0,2,0.0,0.0,2.46
repelente shampoo para perro contra pulgas,1,2.66,0.0,0,3,0.0,0.0,2.66
rinse free dog shampoo mitts,1,1.17,0.0,0,2,0.0,0.0,1.17
rosemary and menthol dog shampoo,1,2.29,0.0,0,3,0.0,0.0,2.29
rottweiler dog shampoo,1,2.66,0.0,0,4,0.0,0.0,2.66
royal canin dog shampoo,1,2.55,0.0,0,1,0.0,0.0,2.55
royal master dog shampoo,1,1.67,24.99,1,12,1.0,0.06682673069227692,1.67
safe dog shampoo,1,2.66,0.0,0,24,0.0,0.0,2.66
sand and fog dog shampoo,1,2.14,0.0,0,3,0.0,0.0,2.14
savile dog shampoo,1,1.87,0.0,0,3,0.0,0.0,1.87
schnauzer allergy shampoo,1,1.76,24.99,1,1,1.0,0.07042817126850741,1.76
schnauzer shampoo,2,4.02,0.0,0,11,0.0,0.0,2.01
seasonal allergy dog shampoo,1,2.39,0.0,0,4,0.0,0.0,2.39
seborrea shampoo dogs,1,2.01,0.0,0,21,0.0,0.0,2.01
selenium shampoo dogs,1,2.32,0.0,0,2,0.0,0.0,2.32
selsun blue shampoo for dogs,1,2.45,0.0,0,4,0.0,0.0,2.45
sensible skin dog shampoo,1,2.26,24.99,1,3,1.0,0.09043617446978791,2.26
serasoothe dog shampoo,1,2.14,0.0,0,2,0.0,0.0,2.14
sergeants dog shampoo,1,2.26,0.0,0,10,0.0,0.0,2.26
severe dry skin dog shampoo,1,2.45,0.0,0,2,0.0,0.0,2.45
severe dry skin shampoo for dogs,2,4.64,0.0,0,3,0.0,0.0,2.32
severe hot spot shampoo,1,2.0,0.0,0,1,0.0,0.0,2.0
severe itch relief shampoo for dog,1,2.45,0.0,0,3,0.0,0.0,2.45
shampoing dog no sulfate,1,2.32,0.0,0,2,0.0,0.0,2.32
shampoo accessories for dogs,1,2.26,0.0,0,1,0.0,0.0,2.26
shampoo allergy dog pollen,1,2.14,0.0,0,2,0.0,0.0,2.14
shampoo and deodorant for dogs,1,2.66,0.0,0,2,0.0,0.0,2.66
shampoo anti alergia para perros,1,2.14,0.0,0,2,0.0,0.0,2.14
shampoo anti fall pars dog,1,1.83,0.0,0,2,0.0,0.0,1.83
shampoo anti rash for dogs,1,2.14,24.99,1,2,1.0,0.0856342537014806,2.14
shampoo antialergico para perros,1,2.39,24.99,1,1,1.0,0.09563825530212086,2.39
shampoo crusty dog,1,2.45,24.99,1,1,1.0,0.09803921568627452,2.45
shampoo de coco para perros,1,2.14,24.99,1,2,1.0,0.0856342537014806,2.14
shampoo de de avena para los perritos,1,2.26,24.99,1,2,1.0,0.09043617446978791,2.26
shampoo de menta para los perros,1,2.66,24.99,1,3,1.0,0.10644257703081234,2.66
shampoo de perro,1,2.32,24.99,1,10,1.0,0.09283713485394157,2.32
shampoo de perro aller tech,1,2.26,0.0,0,2,0.0,0.0,2.26
shampoo de perro para caspa,1,2.39,0.0,0,6,0.0,0.0,2.39
shampoo de sarna perros,1,2.39,24.99,1,2,1.0,0.09563825530212086,2.39
shampoo dog caida de pelo,1,2.32,0.0,0,1,0.0,0.0,2.32
shampoo dry skin allergic dog,1,2.39,0.0,0,2,0.0,0.0,2.39
shampoo for a frenchie dog,1,1.69,24.99,1,2,1.0,0.06762705082032813,1.69
shampoo for american bull dog,1,2.14,24.99,1,1,1.0,0.0856342537014806,2.14
shampoo for bathing dogs,1,2.14,0.0,0,8,0.0,0.0,2.14
shampoo for bulldogs,1,2.02,0.0,0,12,0.0,0.0,2.02
shampoo for dog warts,1,2.32,0.0,0,4,0.0,0.0,2.32
shampoo for dog yeast,1,2.45,24.99,1,2,1.0,0.09803921568627452,2.45
shampoo for dogs animal planet spray,1,2.32,0.0,0,3,0.0,0.0,2.32
shampoo for dogs antimicrobial,1,1.87,0.0,0,2,0.0,0.0,1.87
shampoo for dogs dry skin,1,2.32,0.0,0,2,0.0,0.0,2.32
shampoo for dogs for fall,1,2.45,0.0,0,2,0.0,0.0,2.45
shampoo for dogs pitbull,1,2.01,0.0,0,2,0.0,0.0,2.01
shampoo for dogs so that they do not get knotted,1,2.0,0.0,0,2,0.0,0.0,2.0
shampoo for dogs that have severe allergies,1,2.0,24.99,1,3,1.0,0.08003201280512205,2.0
shampoo for dogs to relieve itching,1,1.87,0.0,0,2,0.0,0.0,1.87
shampoo for dogs weepy eyes,2,4.02,24.99,1,4,0.5,0.1608643457382953,2.01
shampoo for dogs with allergies,2,4.33,0.0,0,26,0.0,0.0,2.165
shampoo for dogs with baking soda,1,1.76,0.0,0,4,0.0,0.0,1.76
shampoo for dogs with dry skin,1,2.32,24.99,1,6,1.0,0.09283713485394157,2.32
shampoo for dogs with severe dry skin,1,2.22,24.99,1,3,1.0,0.0888355342136855,2.22
shampoo for dogs with severe skin issues,1,2.31,24.99,1,3,1.0,0.09243697478991597,2.31
shampoo for dogs with skin infection,1,2.32,0.0,0,2,0.0,0.0,2.32
shampoo for dogs with yeast infection,1,2.45,0.0,0,4,0.0,0.0,2.45
shampoo for dogs without salt,1,2.22,0.0,0,3,0.0,0.0,2.22
shampoo for dogs yeast infection,1,2.45,0.0,0,1,0.0,0.0,2.45
shampoo for dry dog skin,1,2.14,0.0,0,5,0.0,0.0,2.14
shampoo for dry skin and hot dog pimples,1,2.32,24.99,1,2,1.0,0.09283713485394157,2.32
shampoo for dry skin dog,1,2.39,0.0,0,5,0.0,0.0,2.39
shampoo for dry skin for yorkie,1,2.66,24.99,1,3,1.0,0.10644257703081234,2.66
shampoo for english bulldog,1,2.14,24.99,1,1,1.0,0.0856342537014806,2.14
shampoo for english bulldogs,1,2.22,0.0,0,1,0.0,0.0,2.22
shampoo for french bulldogs,2,4.58,49.98,2,16,1.0,0.09163665466186476,2.29
shampoo for frenchies,1,2.66,0.0,0,5,0.0,0.0,2.66
shampoo for fungal and allergies dogs,1,1.77,0.0,0,2,0.0,0.0,1.77
shampoo for funny dogs,1,2.22,0.0,0,2,0.0,0.0,2.22
shampoo for hair and dogs,1,2.31,24.99,1,5,1.0,0.09243697478991597,2.31
shampoo for hair loss and comeson for dog,1,2.26,0.0,0,3,0.0,0.0,2.26
shampoo for hair loss for dogs,1,2.26,0.0,0,1,0.0,0.0,2.26
shampoo for hot spots and itching dogs,1,2.14,0.0,0,2,0.0,0.0,2.14
shampoo for hot spots for dogs,1,2.39,0.0,0,1,0.0,0.0,2.39
shampoo for hotspots for dogs,1,1.92,24.99,1,3,1.0,0.07683073229291718,1.92
shampoo for husky dogs,1,2.32,0.0,0,7,0.0,0.0,2.32
shampoo for infection in the eyes of dogs,1,2.26,0.0,0,2,0.0,0.0,2.26
shampoo for irritated skin for dogs,2,3.84,0.0,0,4,0.0,0.0,1.92
shampoo for itching dogs,1,2.32,24.99,1,3,1.0,0.09283713485394157,2.32
shampoo for itchy dog hair,1,2.08,0.0,0,3,0.0,0.0,2.08
shampoo for itchy dog skin relief,1,2.66,0.0,0,3,0.0,0.0,2.66
shampoo for itchy dogs,2,4.92,24.99,1,11,0.5,0.19687875150060025,2.46
shampoo for itchy doodle,1,2.66,24.99,1,1,1.0,0.10644257703081234,2.66
shampoo for labrador retriever,1,2.4,0.0,0,10,0.0,0.0,2.4
shampoo for mini schnauzer,1,2.01,0.0,0,4,0.0,0.0,2.01
shampoo for my dog skin,1,2.14,0.0,0,1,0.0,0.0,2.14
shampoo for oily yorkies,1,2.26,24.99,1,5,1.0,0.09043617446978791,2.26
shampoo for old dogs it chy,1,1.97,24.99,1,3,1.0,0.07883153261304522,1.97
shampoo for pitbulls,4,9.99,0.0,0,14,0.0,0.0,2.4975
shampoo for pitbulls with dry skin,1,2.15,0.0,0,4,0.0,0.0,2.15
shampoo for pomeranians,1,2.66,24.99,1,2,1.0,0.10644257703081234,2.66
shampoo for puppies 0-6 months,1,2.66,0.0,0,3,0.0,0.0,2.66
shampoo for puppies 2 months french bulldog,1,2.45,0.0,0,2,0.0,0.0,2.45
shampoo for puppy dogs,1,1.81,24.99,1,3,1.0,0.07242897158863545,1.81
shampoo for rash on dogs,1,2.42,24.99,1,9,1.0,0.09683873549419768,2.42
shampoo for rottweiler,1,2.32,0.0,0,1,0.0,0.0,2.32
shampoo for schnauzer,1,2.39,0.0,0,2,0.0,0.0,2.39
shampoo for severely allergic dogs,1,1.92,0.0,0,2,0.0,0.0,1.92
shampoo for shihtzu dogs,1,2.66,0.0,0,3,0.0,0.0,2.66
shampoo for the skin dogs french buldm,1,2.66,24.99,1,2,1.0,0.10644257703081234,2.66
shampoo for weinerdogs,1,2.26,0.0,0,1,0.0,0.0,2.26
shampoo for yeast on dogs,1,1.84,24.99,1,115,1.0,0.0736294517807123,1.84
shampoo for zarnosos dogs,1,2.14,0.0,0,12,0.0,0.0,2.14
shampoo french bulldog,1,2.45,0.0,0,2,0.0,0.0,2.45
shampoo gloves for dogs bath,1,1.84,0.0,0,10,0.0,0.0,1.84
shampoo gor canecorso dog,1,1.92,0.0,0,4,0.0,0.0,1.92
shampoo help treat dogs,1,2.02,0.0,0,3,0.0,0.0,2.02
shampoo hipoalergénico para perros,1,2.39,0.0,0,8,0.0,0.0,2.39
shampoo hivesfor dogs boston terrier,1,2.08,24.99,1,1,1.0,0.08323329331732694,2.08
shampoo ichidog,1,2.45,0.0,0,2,0.0,0.0,2.45
shampoo kills acarros in dogs,1,2.66,0.0,0,3,0.0,0.0,2.66
shampoo kit for dogs with allergies,1,2.14,24.99,1,2,1.0,0.0856342537014806,2.14
shampoo medicado para perros,2,4.14,0.0,0,11,0.0,0.0,2.07
shampoo medicated for dogs,1,2.39,24.99,1,3,1.0,0.09563825530212086,2.39
shampoo men by san for dogs,1,2.66,0.0,0,3,0.0,0.0,2.66
shampoo or topical creams for puppy pimples,1,2.45,0.0,0,4,0.0,0.0,2.45
shampoo para alergia de perro salchicha,1,2.66,0.0,0,2,0.0,0.0,2.66
shampoo para caspa de perros,1,2.26,0.0,0,10,0.0,0.0,2.26
shampoo para golden retriever,1,2.36,0.0,0,3,0.0,0.0,2.36
shampoo para infecciones de perro,1,2.66,0.0,0,3,0.0,0.0,2.66
shampoo para la caspa de perro frenchie,1,1.69,0.0,0,3,0.0,0.0,1.69
shampoo para la sarna en perros,1,2.45,24.99,1,3,1.0,0.09803921568627452,2.45
shampoo para perro,1,2.66,0.0,0,6,0.0,0.0,2.66
shampoo para perros,5,11.78,0.0,0,101,0.0,0.0,2.356
shampoo para perros antipulgas y garrapatas,1,2.66,0.0,0,3,0.0,0.0,2.66
shampoo para perros con sarma,1,2.0,24.99,1,2,1.0,0.08003201280512205,2.0
shampoo para perros con sarna,2,4.9,0.0,0,2,0.0,0.0,2.45
shampoo para perros para que no se le caiga el pelo,1,2.32,0.0,0,2,0.0,0.0,2.32
shampoo para pulgas de perro,1,2.66,0.0,0,13,0.0,0.0,2.66
shampoo para resequedad de piel para perros,1,2.2,0.0,0,2,0.0,0.0,2.2
shampoo para seborrea dogs,1,2.21,24.99,1,1,1.0,0.08843537414965986,2.21
shampoo perro,1,2.26,0.0,0,2,0.0,0.0,2.26
shampoo seco para perros,1,2.66,0.0,0,4,0.0,0.0,2.66
shampoo smelly dog,1,2.66,24.99,1,1,1.0,0.10644257703081234,2.66
shampoo so that the dog does not have a plague,1,2.02,0.0,0,1,0.0,0.0,2.02
shampoo spray dog allergies,1,2.26,0.0,0,2,0.0,0.0,2.26
shampoo sprayer bottle for dogs,1,2.14,0.0,0,2,0.0,0.0,2.14
shampoo to calm itch in dogs,1,2.02,0.0,0,2,0.0,0.0,2.02
shampoo to cure the itch of my dog,1,2.26,0.0,0,2,0.0,0.0,2.26
shampoo to get rid of smell odor in dog,1,2.0,0.0,0,3,0.0,0.0,2.0
shampoo to help for rush on dogs,1,2.26,0.0,0,2,0.0,0.0,2.26
shampoo vetbitex,1,2.01,0.0,0,2,0.0,0.0,2.01
shampoo wipes for dogs,1,2.66,0.0,0,2,0.0,0.0,2.66
shampoo with borage oil for dogs,1,2.22,0.0,0,2,0.0,0.0,2.22
shampoo with clorexidone for dogs,1,2.39,0.0,0,2,0.0,0.0,2.39
shampoo with creolin for dogs,1,2.0,0.0,0,5,0.0,0.0,2.0
shampoo with frioonil for dogs,1,2.0,0.0,0,3,0.0,0.0,2.0
shampoo with silver for dogs,1,2.66,0.0,0,3,0.0,0.0,2.66
shampoo.for dog allergies,1,2.46,0.0,0,3,0.0,0.0,2.46
shampu dog advance,1,1.29,0.0,0,2,0.0,0.0,1.29
shih tzu dog shampoo,1,1.87,0.0,0,4,0.0,0.0,1.87
shitzu shampoo for dogs,1,1.87,0.0,0,3,0.0,0.0,1.87
show dog shampoo,1,2.66,0.0,0,5,0.0,0.0,2.66
showerless dog shampoo,1,2.26,0.0,0,3,0.0,0.0,2.26
silent nite dog shampoo,1,2.22,0.0,0,4,0.0,0.0,2.22
silvaplex dog shampoo,1,2.32,0.0,0,3,0.0,0.0,2.32
silver dog shampoo made in usa,1,2.14,24.99,1,2,1.0,0.0856342537014806,2.14
simboza dog shampoo,1,2.32,0.0,0,1,0.0,0.0,2.32
simparica + medicated shampoo,1,2.26,0.0,0,2,0.0,0.0,2.26
simpsons dog shampoo,1,2.01,0.0,0,5,0.0,0.0,2.01
skin allergy shampoo for dogs,1,1.87,0.0,0,2,0.0,0.0,1.87
skin calming dog shampoo,1,2.66,24.99,1,3,1.0,0.10644257703081234,2.66
skin care dog shampoo,1,2.39,0.0,0,1,0.0,0.0,2.39
skin care for dogs for dry itchy shampoo,1,2.26,0.0,0,3,0.0,0.0,2.26
skin infection treatment for dogs shampoo,1,2.02,0.0,0,3,0.0,0.0,2.02
skin irritation treatment shampoo for dogs,1,2.22,0.0,0,4,0.0,0.0,2.22
skin rash shampoo for dogs,1,2.09,24.99,1,1,1.0,0.08363345338135254,2.09
skouts honor dog shampoo,1,2.66,24.99,1,114,1.0,0.10644257703081234,2.66
small dog shampoo,2,5.12,0.0,0,24,0.0,0.0,2.56
smith & mccloud dog shampoo,1,1.69,0.0,0,6,0.0,0.0,1.69
soapless dog shampoo,2,4.98,24.99,1,10,0.5,0.19927971188475394,2.49
sog shampoo,3,5.54,49.98,2,36,0.6666666666666666,0.11084433773509404,1.8466666666666667
sog shampoo for smelly dogs,2,4.07,24.99,1,5,0.5,0.1628651460584234,2.035
soos dog shampoo,1,2.14,0.0,0,2,0.0,0.0,2.14
soothing dog shampoo,1,2.66,0.0,0,16,0.0,0.0,2.66
soothing dog shampoo for irritated skin,1,2.32,0.0,0,2,0.0,0.0,2.32
soothing dog shampoo for itching and dry skin,2,3.68,0.0,0,23,0.0,0.0,1.84
soothing shampoo for itchy dogs,5,11.45,49.98,2,25,0.4,0.22909163665466187,2.29
soothing skin dog shampoo,1,2.46,0.0,0,9,0.0,0.0,2.46
sour dog shampoo,1,2.02,0.0,0,2,0.0,0.0,2.02
spray shampoo for dogs,1,2.32,0.0,0,4,0.0,0.0,2.32
spray shampoo for dogs with skin allergies,1,2.32,24.99,1,2,1.0,0.09283713485394157,2.32
squisha tear stain dog shampoo,1,2.14,49.98,1,1,1.0,0.0428171268507403,2.14
stin shampoo for dogs,1,2.07,0.0,0,2,0.0,0.0,2.07
stop itch dog shampoo,1,2.66,24.99,1,2,1.0,0.10644257703081234,2.66
strawberry scented dog shampoo,1,2.26,0.0,0,2,0.0,0.0,2.26
strong anti odor dog shampoo,1,2.45,0.0,0,2,0.0,0.0,2.45
strong dog itching shampoo,1,2.0,0.0,0,3,0.0,0.0,2.0
strong dog shampoo,1,2.66,0.0,0,5,0.0,0.0,2.66
strong dog shampoo for smelly dogs,3,6.15,24.99,1,13,0.3333333333333333,0.24609843937575032,2.0500000000000003
strong dog shampoo itchy relief,1,1.65,0.0,0,1,0.0,0.0,1.65
strong scented dog shampoo,1,2.26,0.0,0,3,0.0,0.0,2.26
suffusion shampoo for dogs,1,2.66,0.0,0,5,0.0,0.0,2.66
sulforaphane shampoo dogs,1,2.0,0.0,0,3,0.0,0.0,2.0
sulphur dog shampoo,1,2.66,0.0,0,7,0.0,0.0,2.66
tallow dog shampoo,1,1.69,0.0,0,1,0.0,0.0,1.69
tear free dog shampoo for dogs,1,2.32,0.0,0,7,0.0,0.0,2.32
tear free dog shampoo for dogs face,1,1.69,0.0,0,3,0.0,0.0,1.69
tear remover for dogs shampoo,1,2.66,0.0,0,3,0.0,0.0,2.66
tearless antibacterial dog shampoo,1,2.32,0.0,0,2,0.0,0.0,2.32
tearless dog shampoo,1,2.39,24.99,1,23,1.0,0.09563825530212086,2.39
tearless dog shampoo for dry-itching skin,1,1.92,24.99,1,2,1.0,0.07683073229291718,1.92
tearless dog shampoo for face,1,2.14,0.0,0,2,0.0,0.0,2.14
teatree medicated shampoo for dogs,1,2.32,49.98,1,1,1.0,0.046418567426970786,2.32
top 5 dog shampoos,3,6.33,24.99,1,32,0.3333333333333333,0.2533013205282113,2.11
top dog shampoos,1,1.69,0.0,0,1,0.0,0.0,1.69
top rated dog shampoo,1,2.66,24.99,1,4,1.0,0.10644257703081234,2.66
top rated german shepherd dog shampoo,1,2.22,0.0,0,2,0.0,0.0,2.22
topical shampoo for dogs,1,2.45,0.0,0,1,0.0,0.0,2.45
touch of mink dog shampoo,1,2.14,0.0,0,1,0.0,0.0,2.14
treatment for bathtub in dogs,1,2.26,0.0,0,3,0.0,0.0,2.26
trizchlor 4 shampoo for itchy dog,2,4.28,0.0,0,4,0.0,0.0,2.14
tropical clean dog shampoo,1,1.17,0.0,0,2,0.0,0.0,1.17
tropicana dog shampoo,1,2.66,0.0,0,4,0.0,0.0,2.66
ultra cruz dog shampoo,1,2.14,0.0,0,1,0.0,0.0,2.14
urine dog shampoo,1,1.87,0.0,0,1,0.0,0.0,1.87
vet approved antimicrobial dog shampoo,1,1.69,0.0,0,9,0.0,0.0,1.69
vet biotek shampoo for dogs,1,1.76,0.0,0,2,0.0,0.0,1.76
vet medical shampoo for bad odor,1,2.19,0.0,0,3,0.0,0.0,2.19
vet recommended dog shampoo,1,2.14,0.0,0,15,0.0,0.0,2.14
vet solutions bpo-3 shampoo,1,2.39,0.0,0,3,0.0,0.0,2.39
vetericyn medicated dog shampoo,2,3.01,0.0,0,8,0.0,0.0,1.505
vetericyn plus shampoo,1,2.26,0.0,0,1,0.0,0.0,2.26
veterinarian strength dog wash,1,2.14,0.0,0,2,0.0,0.0,2.14
veterinary antifungal shampoo,1,1.87,0.0,0,2,0.0,0.0,1.87
veterinary approved dog shampoo for allergies,1,2.66,0.0,0,2,0.0,0.0,2.66
vetlinex shampoo con amitraz,1,2.02,0.0,0,6,0.0,0.0,2.02
vetoquinol shampoo for dogs,2,3.29,0.0,0,24,0.0,0.0,1.645
vetriderm shampoo for dog,2,4.64,0.0,0,18,0.0,0.0,2.32
virbac ketochlor medicated shampoo for dogs,2,4.26,0.0,0,39,0.0,0.0,2.13
virbac shampoo for dogs,1,1.87,24.99,1,2,1.0,0.07482993197278913,1.87
virbac shampoo for skin issues,1,2.26,0.0,0,1,0.0,0.0,2.26
wags and wiggles dog shampoo,1,0.79,0.0,0,7,0.0,0.0,0.79
wahlodor controlling dog shampoo,1,2.26,0.0,0,4,0.0,0.0,2.26
warren london dog shampoo,1,1.6,0.0,0,11,0.0,0.0,1.6
we love doodles dog shampoo,2,3.08,24.99,1,27,0.5,0.12324929971988796,1.54
we're shampoos for smelly dogs,1,2.31,0.0,0,3,0.0,0.0,2.31
wildwash dog shampoo,1,1.59,0.0,0,2,0.0,0.0,1.59
wirehaired dog shampoo,1,2.32,0.0,0,3,0.0,0.0,2.32
wonder plum dog shampoo,1,2.32,0.0,0,2,0.0,0.0,2.32
wondercide shampoo bar for dogs,1,2.14,0.0,0,3,0.0,0.0,2.14
xl bottle dog shampoo,1,2.26,0.0,0,1,0.0,0.0,2.26
yea s t dog shampoo,1,2.39,0.0,0,1,0.0,0.0,2.39
yeast bath for dogs,1,2.32,0.0,0,2,0.0,0.0,2.32
yeast dog wash,1,2.39,24.99,1,2,1.0,0.09563825530212086,2.39
yeast infection dog shampoo,1,2.45,0.0,0,2,0.0,0.0,2.45
yeast infection shampoo for dogs,2,4.9,24.99,1,11,0.5,0.19607843137254904,2.45
yeast infection treatment for dogs,1,1.69,0.0,0,6,0.0,0.0,1.69
yeast infection treatment for dogs shampoo,2,5.32,0.0,0,24,0.0,0.0,2.66
yeast infection treatment for dogs shampoo and cream,1,1.69,0.0,0,2,0.0,0.0,1.69
yeast killer for dogs ears shampoo,1,2.26,0.0,0,2,0.0,0.0,2.26
yeast medicine for dogs shampoo,1,2.32,0.0,0,3,0.0,0.0,2.32
yeast shampoo for basset hounds,1,2.66,24.99,1,3,1.0,0.10644257703081234,2.66
yeast shampoo for dogs,9,21.4,49.98,2,228,0.2222222222222222,0.42817126850740295,2.3777777777777778
yeast shampoo german shepherd,1,2.27,0.0,0,2,0.0,0.0,2.27
yeast shampoos for goldendoodle,1,2.39,0.0,0,5,0.0,0.0,2.39
yeast treatment for dogs,1,2.46,0.0,0,2,0.0,0.0,2.46
yorkie terrier allergy shampoo,1,2.01,24.99,1,2,1.0,0.08043217286914765,2.01
zesti dog shampoo,1,2.26,0.0,0,4,0.0,0.0,2.26
zodiac dog shampoo,1,2.32,0.0,0,17,0.0,0.0,2.32
zoomies dog spray,1,1.69,24.99,1,1,1.0,0.06762705082032813,1.69
zum shampoo for dogs,1,1.76,24.99,1,1,1.0,0.07042817126850741,1.76
￼anti-yeast dog shampoo,1,2.22,0.0,0,1,0.0,0.0,2.22
￼bacteria shampoo for puppies,1,1.87,24.99,1,1,1.0,0.07482993197278913,1.87
￼dog medicated shampoo,1,2.39,24.99,1,3,1.0,0.09563825530212086,2.39
￼dog oliveira shampoo,1,2.26,0.0,0,2,0.0,0.0,2.26
￼dog shampoo,1,2.66,0.0,0,16,0.0,0.0,2.66
￼dog shampoo and haircutting products,1,2.66,0.0,0,4,0.0,0.0,2.66
￼dog shampoo for french bulldogs with bad skin and hotspots,1,1.92,0.0,0,1,0.0,0.0,1.92
￼medicated dog shampoo for seasonal allergies,1,2.39,0.0,0,3,0.0,0.0,2.39
￼medicated dog shampoo for yeast,1,2.22,0.0,0,3,0.0,0.0,2.22
￼medicated dog shampoo for yeast infection,1,2.26,0.0,0,6,0.0,0.0,2.26
￼medicated shampoo for dry skin on dogs,1,1.92,0.0,0,2,0.0,0.0,1.92
￼medicated shampoo for yeast dogsmiconahex,1,1.76,0.0,0,7,0.0,0.0,1.76
￼medicated with shampoo for dogs,1,1.87,24.99,1,1,1.0,0.07482993197278913,1.87
￼medication shampoo for dogs,1,2.06,0.0,0,2,0.0,0.0,2.06
￼poyben shampoo for dogs,1,1.69,0.0,0,1,0.0,0.0,1.69
￼shampoo for people with dog allergies,1,2.22,0.0,0,2,0.0,0.0,2.22
￼shampoo small dog,1,2.14,24.99,1,1,1.0,0.0856342537014806,2.14
￼soothing dog shampoo,1,2.32,24.99,1,6,1.0,0.09283713485394157,2.32
￼yellowstone remove coconut oil shampoo dog,1,2.32,0.0,0,5,0.0,0.0,2.32
